assetID,lat,lon,vs30,value,vulnModel,censusTract,occType,occupancy,strType,designLevel,hazus
0,38.2949139,-122.0506429,360,174.5,S1L-h-AGR1-DF,6095252311,AGR,AGR1,S1L,HC,S1L-HC-AGR1
1,38.2949139,-122.0506429,360,174.5,W1-h-AGR1-DF,6095252311,AGR,AGR1,W1,HC,W1-HC-AGR1
2,38.2949139,-122.0506429,360,151.19,C2L-h-COM1-DF,6095252311,COM,COM1,C2L,HC,C2L-HC-COM1
3,38.2949139,-122.0506429,360,145.375,RM1L-h-COM1-DF,6095252311,COM,COM1,RM1L,HC,RM1L-HC-COM1
4,38.2949139,-122.0506429,360,436.125,RM2L-h-COM1-DF,6095252311,COM,COM1,RM2L,HC,RM2L-HC-COM1
5,38.2949139,-122.0506429,360,430.31,W1-h-COM1-DF,6095252311,COM,COM1,W1,HC,W1-HC-COM1
6,38.2949139,-122.0506429,360,2403.29,RM2L-h-COM2-DF,6095252311,COM,COM2,RM2L,HC,RM2L-HC-COM2
7,38.2949139,-122.0506429,360,1183.71,S3-h-COM2-DF,6095252311,COM,COM2,S3,HC,S3-HC-COM2
8,38.2949139,-122.0506429,360,190.23,C2L-h-COM3-DF,6095252311,COM,COM3,C2L,HC,C2L-HC-COM3
9,38.2949139,-122.0506429,360,184.635,PC1-h-COM3-DF,6095252311,COM,COM3,PC1,HC,PC1-HC-COM3
10,38.2949139,-122.0506429,360,184.635,PC2L-h-COM3-DF,6095252311,COM,COM3,PC2L,HC,PC2L-HC-COM3
11,38.2949139,-122.0506429,360,186.5,S3-h-COM3-DF,6095252311,COM,COM3,S3,HC,S3-HC-COM3
12,38.2949139,-122.0506429,360,1094.46,C1L-h-COM4-DF,6095252311,COM,COM4,C1L,HC,C1L-HC-COM4
13,38.2949139,-122.0506429,360,1062.27,PC1-h-COM4-DF,6095252311,COM,COM4,PC1,HC,PC1-HC-COM4
14,38.2949139,-122.0506429,360,1062.27,PC2L-h-COM4-DF,6095252311,COM,COM4,PC2L,HC,PC2L-HC-COM4
15,38.2949139,-122.0506429,360,1086.412,RM1L-h-COM4-DF,6095252311,COM,COM4,RM1L,HC,RM1L-HC-COM4
16,38.2949139,-122.0506429,360,3259.238,RM2L-h-COM4-DF,6095252311,COM,COM4,RM2L,HC,RM2L-HC-COM4
17,38.2949139,-122.0506429,360,1046.175,S1L-h-COM4-DF,6095252311,COM,COM4,S1L,HC,S1L-HC-COM4
18,38.2949139,-122.0506429,360,1046.175,S2L-h-COM4-DF,6095252311,COM,COM4,S2L,HC,S2L-HC-COM4
19,38.2949139,-122.0506429,360,3219,W1-h-COM4-DF,6095252311,COM,COM4,W1,HC,W1-HC-COM4
20,38.2949139,-122.0506429,360,3219,W2-h-COM4-DF,6095252311,COM,COM4,W2,HC,W2-HC-COM4
21,38.2949139,-122.0506429,360,2204.58,C2L-h-COM7-DF,6095252311,COM,COM7,C2L,HC,C2L-HC-COM7
22,38.2949139,-122.0506429,360,1469.72,RM1L-h-COM7-DF,6095252311,COM,COM7,RM1L,HC,RM1L-HC-COM7
23,38.2949139,-122.0506429,360,734.86,S1L-h-COM7-DF,6095252311,COM,COM7,S1L,HC,S1L-HC-COM7
24,38.2949139,-122.0506429,360,6088.84,W1-h-COM7-DF,6095252311,COM,COM7,W1,HC,W1-HC-COM7
25,38.2949139,-122.0506429,360,325,RM2L-h-COM8-DF,6095252311,COM,COM8,RM2L,HC,RM2L-HC-COM8
26,38.2949139,-122.0506429,360,36211,W2-h-EDU1-DF,6095252311,EDU,EDU1,W2,HS,W2-HS-EDU1
27,38.2949139,-122.0506429,360,296,W1-h-GOV1-DF,6095252311,GOV,GOV1,W1,HC,W1-HC-GOV1
28,38.2949139,-122.0506429,360,810.9009,PC1-h-IND6-DF,6095252311,IND,IND6,PC1,HC,PC1-HC-IND6
29,38.2949139,-122.0506429,360,399.399,PC2L-h-IND6-DF,6095252311,IND,IND6,PC2L,HC,PC2L-HC-IND6
30,38.2949139,-122.0506429,360,414.05,RM1L-h-IND6-DF,6095252311,IND,IND6,RM1L,HC,RM1L-HC-IND6
31,38.2949139,-122.0506429,360,796.25,S3-h-IND6-DF,6095252311,IND,IND6,S3,HC,S3-HC-IND6
32,38.2949139,-122.0506429,360,764.4,W1-h-IND6-DF,6095252311,IND,IND6,W1,HC,W1-HC-IND6
33,38.2949139,-122.0506429,360,339,C2L-h-REL1-DF,6095252311,REL,REL1,C2L,HC,C2L-HC-REL1
34,38.2949139,-122.0506429,360,836051.1,W1-h-RES1-DF,6095252311,RES,RES1,W1,HC,W1-HC-RES1
35,38.2949139,-122.0506429,360,8444.96,W1-m-RES1-DF,6095252311,RES,RES1,W1,MC,W1-MC-RES1
36,38.2949139,-122.0506429,360,4818.3,PC2L-h-RES3AF-DF,6095252311,RES,RES3D,PC2L,HC,PC2L-HC-RES3
37,38.2949139,-122.0506429,360,43364.7,W2-h-RES3AF-DF,6095252311,RES,RES3D,W2,HC,W2-HC-RES3
38,38.2949139,-122.0506429,360,5258.76,C2L-h-RES3AF-DF,6095252311,RES,RES3E,C2L,HC,C2L-HC-RES3
39,38.2949139,-122.0506429,360,5258.76,S3-h-RES3AF-DF,6095252311,RES,RES3E,S3,HC,S3-HC-RES3
40,38.2949139,-122.0506429,360,29934.48,W2-h-RES3AF-DF,6095252311,RES,RES3E,W2,HC,W2-HC-RES3
41,33.6806028,-117.2811199,360,299,W1-h-AGR1-DF,6065042748,AGR,AGR1,W1,HC,W1-HC-AGR1
42,33.6806028,-117.2811199,360,529.25,RM1L-h-COM1-DF,6065042748,COM,COM1,RM1L,HC,RM1L-HC-COM1
43,33.6806028,-117.2811199,360,529.25,RM2L-h-COM1-DF,6065042748,COM,COM1,RM2L,HC,RM2L-HC-COM1
44,33.6806028,-117.2811199,360,529.25,W1-h-COM1-DF,6065042748,COM,COM1,W1,HC,W1-HC-COM1
45,33.6806028,-117.2811199,360,529.25,W2-h-COM1-DF,6065042748,COM,COM1,W2,HC,W2-HC-COM1
46,33.6806028,-117.2811199,360,1840,W1-h-COM2-DF,6065042748,COM,COM2,W1,HC,W1-HC-COM2
47,33.6806028,-117.2811199,360,450.38,RM2L-h-COM3-DF,6065042748,COM,COM3,RM2L,HC,RM2L-HC-COM3
48,33.6806028,-117.2811199,360,2766.62,W1-h-COM3-DF,6065042748,COM,COM3,W1,HC,W1-HC-COM3
49,33.6806028,-117.2811199,360,18190.26,W1-h-COM4-DF,6065042748,COM,COM4,W1,HC,W1-HC-COM4
50,33.6806028,-117.2811199,360,1378.05,W1-m-COM4-DF,6065042748,COM,COM4,W1,MC,W1-MC-COM4
51,33.6806028,-117.2811199,360,7992.69,W2-h-COM4-DF,6065042748,COM,COM4,W2,HC,W2-HC-COM4
52,33.6806028,-117.2811199,360,1643,W1-h-COM5-DF,6065042748,COM,COM5,W1,HC,W1-HC-COM5
53,33.6806028,-117.2811199,360,2235,W1-h-COM7-DF,6065042748,COM,COM7,W1,HC,W1-HC-COM7
54,33.6806028,-117.2811199,360,1419,S2L-h-COM8-DF,6065042748,COM,COM8,S2L,HC,S2L-HC-COM8
55,33.6806028,-117.2811199,360,1419,W2-h-COM8-DF,6065042748,COM,COM8,W2,HC,W2-HC-COM8
56,33.6806028,-117.2811199,360,191,S3-h-GOV1-DF,6065042748,GOV,GOV1,S3,HC,S3-HC-GOV1
57,33.6806028,-117.2811199,360,379,W1-h-IND1-DF,6065042748,IND,IND1,W1,HC,W1-HC-IND1
58,33.6806028,-117.2811199,360,250,W1-h-IND2-DF,6065042748,IND,IND2,W1,HC,W1-HC-IND2
59,33.6806028,-117.2811199,360,975,W1-h-IND3-DF,6065042748,IND,IND3,W1,HC,W1-HC-IND3
60,33.6806028,-117.2811199,360,500,W1-h-IND4-DF,6065042748,IND,IND4,W1,HC,W1-HC-IND4
61,33.6806028,-117.2811199,360,5039,W1-h-IND6-DF,6065042748,IND,IND6,W1,HC,W1-HC-IND6
62,33.6806028,-117.2811199,360,1000882,W1-h-RES1-DF,6065042748,RES,RES1,W1,HC,W1-HC-RES1
63,33.6806028,-117.2811199,360,52678,W1-m-RES1-DF,6065042748,RES,RES1,W1,MC,W1-MC-RES1
64,33.6806028,-117.2811199,360,1987,MH-m-RES2-DF,6065042748,RES,RES2,MH,MC,MH-MC-RES2
65,33.6806028,-117.2811199,360,899,W1-m-RES3AF-DF,6065042748,RES,RES3A,W1,MC,W1-MC-RES3
66,33.6806028,-117.2811199,360,3888,W1-h-RES3AF-DF,6065042748,RES,RES3D,W1,HC,W1-HC-RES3
67,39.2634436,-121.5062545,360,887.51,C2L-m-AGR1-DF,6115041001,AGR,AGR1,C2L,MC,C2L-MC-AGR1
68,39.2634436,-121.5062545,360,887.51,PC1-m-AGR1-DF,6115041001,AGR,AGR1,PC1,MC,PC1-MC-AGR1
69,39.2634436,-121.5062545,360,921.645,RM1L-m-AGR1-DF,6115041001,AGR,AGR1,RM1L,MC,RM1L-MC-AGR1
70,39.2634436,-121.5062545,360,1843.29,RM2L-m-AGR1-DF,6115041001,AGR,AGR1,RM2L,MC,RM2L-MC-AGR1
71,39.2634436,-121.5062545,360,901.164,S1L-m-AGR1-DF,6115041001,AGR,AGR1,S1L,MC,S1L-MC-AGR1
72,39.2634436,-121.5062545,360,1829.636,S3-m-AGR1-DF,6115041001,AGR,AGR1,S3,MC,S3-MC-AGR1
73,39.2634436,-121.5062545,360,921.645,URML-p-AGR1-DF,6115041001,AGR,AGR1,URML,PC,URML-PC-AGR1
74,39.2634436,-121.5062545,360,928.472,W1-l-AGR1-DF,6115041001,AGR,AGR1,W1,LC,W1-LC-AGR1
75,39.2634436,-121.5062545,360,3604.656,W1-m-AGR1-DF,6115041001,AGR,AGR1,W1,MC,W1-MC-AGR1
76,39.2634436,-121.5062545,360,928.472,W2-m-AGR1-DF,6115041001,AGR,AGR1,W2,MC,W2-MC-AGR1
77,39.2634436,-121.5062545,360,7230.381,C2L-m-COM1-DF,6115041001,COM,COM1,C2L,MC,C2L-MC-COM1
78,39.2634436,-121.5062545,360,2508.5,C2L-p-COM1-DF,6115041001,COM,COM1,C2L,PC,C2L-PC-COM1
79,39.2634436,-121.5062545,360,2508.5,PC1-m-COM1-DF,6115041001,COM,COM1,PC1,MC,PC1-MC-COM1
80,39.2634436,-121.5062545,360,2508.5,PC2L-m-COM1-DF,6115041001,COM,COM1,PC2L,MC,PC2L-MC-COM1
81,39.2634436,-121.5062545,360,2450.162,RM1L-m-COM1-DF,6115041001,COM,COM1,RM1L,MC,RM1L-MC-COM1
82,39.2634436,-121.5062545,360,2378.099,RM2L-m-COM1-DF,6115041001,COM,COM1,RM2L,MC,RM2L-MC-COM1
83,39.2634436,-121.5062545,360,2402.12,S3-m-COM1-DF,6115041001,COM,COM1,S3,MC,S3-MC-COM1
84,39.2634436,-121.5062545,360,2378.099,URML-p-COM1-DF,6115041001,COM,COM1,URML,PC,URML-PC-COM1
85,39.2634436,-121.5062545,360,2487.91,W1-m-COM1-DF,6115041001,COM,COM1,W1,MC,W1-MC-COM1
86,39.2634436,-121.5062545,360,7463.73,W2-m-COM1-DF,6115041001,COM,COM1,W2,MC,W2-MC-COM1
87,39.2634436,-121.5062545,360,3385.597,C2L-m-COM2-DF,6115041001,COM,COM2,C2L,MC,C2L-MC-COM2
88,39.2634436,-121.5062545,360,3310.362,PC1-m-COM2-DF,6115041001,COM,COM2,PC1,MC,PC1-MC-COM2
89,39.2634436,-121.5062545,360,827.5905,PC1-p-COM2-DF,6115041001,COM,COM2,PC1,PC,PC1-PC-COM2
90,39.2634436,-121.5062545,360,852.669,RM1L-m-COM2-DF,6115041001,COM,COM2,RM1L,MC,RM1L-MC-COM2
91,39.2634436,-121.5062545,360,3310.362,RM2L-m-COM2-DF,6115041001,COM,COM2,RM2L,MC,RM2L-MC-COM2
92,39.2634436,-121.5062545,360,835.95,S1L-m-COM2-DF,6115041001,COM,COM2,S1L,MC,S1L-MC-COM2
93,39.2634436,-121.5062545,360,1671.9,S2L-m-COM2-DF,6115041001,COM,COM2,S2L,MC,S2L-MC-COM2
94,39.2634436,-121.5062545,360,835.95,S3-m-COM2-DF,6115041001,COM,COM2,S3,MC,S3-MC-COM2
95,39.2634436,-121.5062545,360,852.669,URML-p-COM2-DF,6115041001,COM,COM2,URML,PC,URML-PC-COM2
96,39.2634436,-121.5062545,360,835.95,W1-m-COM2-DF,6115041001,COM,COM2,W1,MC,W1-MC-COM2
97,39.2634436,-121.5062545,360,1331.303,C2L-m-COM3-DF,6115041001,COM,COM3,C2L,MC,C2L-MC-COM3
98,39.2634436,-121.5062545,360,655.7166,PC1-m-COM3-DF,6115041001,COM,COM3,PC1,MC,PC1-MC-COM3
99,39.2634436,-121.5062545,360,1331.303,RM1L-m-COM3-DF,6115041001,COM,COM3,RM1L,MC,RM1L-MC-COM3
100,39.2634436,-121.5062545,360,655.7166,RM2L-m-COM3-DF,6115041001,COM,COM3,RM2L,MC,RM2L-MC-COM3
101,39.2634436,-121.5062545,360,1254.96,W1-m-COM3-DF,6115041001,COM,COM3,W1,MC,W1-MC-COM3
102,39.2634436,-121.5062545,360,1260.688,C1L-m-COM4-DF,6115041001,COM,COM4,C1L,MC,C1L-MC-COM4
103,39.2634436,-121.5062545,360,3782.064,C2L-m-COM4-DF,6115041001,COM,COM4,C2L,MC,C2L-MC-COM4
104,39.2634436,-121.5062545,360,1260.688,PC1-m-COM4-DF,6115041001,COM,COM4,PC1,MC,PC1-MC-COM4
105,39.2634436,-121.5062545,360,4991.178,RM1L-m-COM4-DF,6115041001,COM,COM4,RM1L,MC,RM1L-MC-COM4
106,39.2634436,-121.5062545,360,2458.342,RM2L-m-COM4-DF,6115041001,COM,COM4,RM2L,MC,RM2L-MC-COM4
107,39.2634436,-121.5062545,360,9982.356,W1-m-COM4-DF,6115041001,COM,COM4,W1,MC,W1-MC-COM4
108,39.2634436,-121.5062545,360,4916.683,W2-m-COM4-DF,6115041001,COM,COM4,W2,MC,W2-MC-COM4
109,39.2634436,-121.5062545,360,1362,S2L-m-COM5-DF,6115041001,COM,COM5,S2L,MC,S2L-MC-COM5
110,39.2634436,-121.5062545,360,1362,W2-m-COM5-DF,6115041001,COM,COM5,W2,MC,W2-MC-COM5
111,39.2634436,-121.5062545,360,829,S4L-m-COM7-DF,6115041001,COM,COM7,S4L,MC,S4L-MC-COM7
112,39.2634436,-121.5062545,360,2111.67,C2L-m-COM8-DF,6115041001,COM,COM8,C2L,MC,C2L-MC-COM8
113,39.2634436,-121.5062545,360,1055.835,RM1L-m-COM8-DF,6115041001,COM,COM8,RM1L,MC,RM1L-MC-COM8
114,39.2634436,-121.5062545,360,1055.835,RM2L-m-COM8-DF,6115041001,COM,COM8,RM2L,MC,RM2L-MC-COM8
115,39.2634436,-121.5062545,360,1087.83,S1L-m-COM8-DF,6115041001,COM,COM8,S1L,MC,S1L-MC-COM8
116,39.2634436,-121.5062545,360,1087.83,S4L-m-COM8-DF,6115041001,COM,COM8,S4L,MC,S4L-MC-COM8
117,39.2634436,-121.5062545,360,5580,S2L-m-EDU1-DF,6115041001,EDU,EDU1,S2L,MS,S2L-MS-EDU1
118,39.2634436,-121.5062545,360,5580,W2-m-EDU1-DF,6115041001,EDU,EDU1,W2,MS,W2-MS-EDU1
119,39.2634436,-121.5062545,360,4313,C2L-m-IND1-DF,6115041001,IND,IND1,C2L,MC,C2L-MC-IND1
120,39.2634436,-121.5062545,360,5542.896,PC1-m-IND2-DF,6115041001,IND,IND2,PC1,MC,PC1-MC-IND2
121,39.2634436,-121.5062545,360,2730.083,PC2L-m-IND2-DF,6115041001,IND,IND2,PC2L,MC,PC2L-MC-IND2
122,39.2634436,-121.5062545,360,5442.75,RM1L-m-IND2-DF,6115041001,IND,IND2,RM1L,MC,RM1L-MC-IND2
123,39.2634436,-121.5062545,360,2658.239,S1L-m-IND2-DF,6115041001,IND,IND2,S1L,MC,S1L-MC-IND2
124,39.2634436,-121.5062545,360,2738.792,S3-m-IND2-DF,6115041001,IND,IND2,S3,MC,S3-MC-IND2
125,39.2634436,-121.5062545,360,2658.239,S4L-m-IND2-DF,6115041001,IND,IND2,S4L,MC,S4L-MC-IND2
126,39.2634436,-121.5062545,360,4625.375,C1L-m-IND3-DF,6115041001,IND,IND3,C1L,MC,C1L-MC-IND3
127,39.2634436,-121.5062545,360,43170.17,C2L-m-IND3-DF,6115041001,IND,IND3,C2L,MC,C2L-MC-IND3
128,39.2634436,-121.5062545,360,80173.17,PC1-m-IND3-DF,6115041001,IND,IND3,PC1,MC,PC1-MC-IND3
129,39.2634436,-121.5062545,360,26210.46,PC2L-m-IND3-DF,6115041001,IND,IND3,PC2L,MC,PC2L-MC-IND3
130,39.2634436,-121.5062545,360,37117.21,RM1L-m-IND3-DF,6115041001,IND,IND3,RM1L,MC,RM1L-MC-IND3
131,39.2634436,-121.5062545,360,5139.306,S1L-l-IND3-DF,6115041001,IND,IND3,S1L,LC,S1L-LC-IND3
132,39.2634436,-121.5062545,360,27409.63,S1L-m-IND3-DF,6115041001,IND,IND3,S1L,MC,S1L-MC-IND3
133,39.2634436,-121.5062545,360,26553.08,S2L-m-IND3-DF,6115041001,IND,IND3,S2L,MC,S2L-MC-IND3
134,39.2634436,-121.5062545,360,16274.47,S3-m-IND3-DF,6115041001,IND,IND3,S3,MC,S3-MC-IND3
135,39.2634436,-121.5062545,360,5139.306,S4L-l-IND3-DF,6115041001,IND,IND3,S4L,LC,S4L-LC-IND3
136,39.2634436,-121.5062545,360,5139.306,S4L-m-IND3-DF,6115041001,IND,IND3,S4L,MC,S4L-MC-IND3
137,39.2634436,-121.5062545,360,4282.755,W1-m-IND3-DF,6115041001,IND,IND3,W1,MC,W1-MC-IND3
138,39.2634436,-121.5062545,360,4282.755,W2-m-IND3-DF,6115041001,IND,IND3,W2,MC,W2-MC-IND3
139,39.2634436,-121.5062545,360,2196,W1-m-IND5-DF,6115041001,IND,IND5,W1,MC,W1-MC-IND5
140,39.2634436,-121.5062545,360,1691.448,C2L-m-IND6-DF,6115041001,IND,IND6,C2L,MC,C2L-MC-IND6
141,39.2634436,-121.5062545,360,2562.8,PC1-m-IND6-DF,6115041001,IND,IND6,PC1,MC,PC1-MC-IND6
142,39.2634436,-121.5062545,360,871.3521,PC2L-m-IND6-DF,6115041001,IND,IND6,PC2L,MC,PC2L-MC-IND6
143,39.2634436,-121.5062545,360,834.4,RM1L-m-IND6-DF,6115041001,IND,IND6,RM1L,MC,RM1L-MC-IND6
144,39.2634436,-121.5062545,360,1668.8,S3-m-IND6-DF,6115041001,IND,IND6,S3,MC,S3-MC-IND6
145,39.2634436,-121.5062545,360,3432.96,W1-m-IND6-DF,6115041001,IND,IND6,W1,MC,W1-MC-IND6
146,39.2634436,-121.5062545,360,858.24,W2-m-IND6-DF,6115041001,IND,IND6,W2,MC,W2-MC-IND6
147,39.2634436,-121.5062545,360,1553.64,PC1-m-REL1-DF,6115041001,REL,REL1,PC1,MC,PC1-MC-REL1
148,39.2634436,-121.5062545,360,1553.64,S3-m-REL1-DF,6115041001,REL,REL1,S3,MC,S3-MC-REL1
149,39.2634436,-121.5062545,360,1600.72,W2-m-REL1-DF,6115041001,REL,REL1,W2,MC,W2-MC-REL1
150,39.2634436,-121.5062545,360,29983.68,W1-l-RES1-DF,6115041001,RES,RES1,W1,LC,W1-LC-RES1
151,39.2634436,-121.5062545,360,299836.8,W1-m-RES1-DF,6115041001,RES,RES1,W1,MC,W1-MC-RES1
152,39.2634436,-121.5062545,360,3331.52,W2-m-RES1-DF,6115041001,RES,RES1,W2,MC,W2-MC-RES1
153,39.2634436,-121.5062545,360,1311.72,MH-l-RES2-DF,6115041001,RES,RES2,MH,LC,MH-LC-RES2
154,39.2634436,-121.5062545,360,41975.04,MH-m-RES2-DF,6115041001,RES,RES2,MH,MC,MH-MC-RES2
155,39.2634436,-121.5062545,360,437.24,MH-p-RES2-DF,6115041001,RES,RES2,MH,PC,MH-PC-RES2
156,39.2634436,-121.5062545,360,2678.93,C2L-m-RES3AF-DF,6115041001,RES,RES3A,C2L,MC,C2L-MC-RES3
157,39.2634436,-121.5062545,360,400.2999,PC2L-m-RES3AF-DF,6115041001,RES,RES3A,PC2L,MC,PC2L-MC-RES3
158,39.2634436,-121.5062545,360,1319.67,RM1L-m-RES3AF-DF,6115041001,RES,RES3A,RM1L,MC,RM1L-MC-RES3
159,39.2634436,-121.5062545,360,870.9822,S1L-m-RES3AF-DF,6115041001,RES,RES3A,S1L,MC,S1L-MC-RES3
160,39.2634436,-121.5062545,360,1319.67,S3-m-RES3AF-DF,6115041001,RES,RES3A,S3,MC,S3-MC-RES3
161,39.2634436,-121.5062545,360,448.6878,S4L-m-RES3AF-DF,6115041001,RES,RES3A,S4L,MC,S4L-MC-RES3
162,39.2634436,-121.5062545,360,3695.076,W1-l-RES3AF-DF,6115041001,RES,RES3A,W1,LC,W1-LC-RES3
163,39.2634436,-121.5062545,360,30669.13,W1-m-RES3AF-DF,6115041001,RES,RES3A,W1,MC,W1-MC-RES3
164,39.2634436,-121.5062545,360,2586.553,W2-m-RES3AF-DF,6115041001,RES,RES3A,W2,MC,W2-MC-RES3
165,39.2634436,-121.5062545,360,727.77,C2L-m-RES3AF-DF,6115041001,RES,RES3B,C2L,MC,C2L-MC-RES3
166,39.2634436,-121.5062545,360,727.77,S4L-m-RES3AF-DF,6115041001,RES,RES3B,S4L,MC,S4L-MC-RES3
167,39.2634436,-121.5062545,360,1412.73,W1-m-RES3AF-DF,6115041001,RES,RES3B,W1,MC,W1-MC-RES3
168,39.2634436,-121.5062545,360,1412.73,W2-m-RES3AF-DF,6115041001,RES,RES3B,W2,MC,W2-MC-RES3
169,39.2634436,-121.5062545,360,1284,W1-m-RES3AF-DF,6115041001,RES,RES3C,W1,MC,W1-MC-RES3
170,39.2634436,-121.5062545,360,8319,RM1L-m-RES3AF-DF,6115041001,RES,RES3D,RM1L,MC,RM1L-MC-RES3
171,39.2634436,-121.5062545,360,4117,RM1L-m-RES6-DF,6115041001,RES,RES6,RM1L,MC,RM1L-MC-RES6
172,39.2634436,-121.5062545,360,8234,W1-m-RES6-DF,6115041001,RES,RES6,W1,MC,W1-MC-RES6
173,39.2634436,-121.5062545,360,8234,W2-m-RES6-DF,6115041001,RES,RES6,W2,MC,W2-MC-RES6
174,37.5814599,-122.3897966,360,1904.555,C2L-m-COM1-DF,6081605000,COM,COM1,C2L,MC,C2L-MC-COM1
175,37.5814599,-122.3897966,360,952.2775,C2M-m-COM1-DF,6081605000,COM,COM1,C2M,MC,C2M-MC-COM1
176,37.5814599,-122.3897966,360,952.2775,PC1-m-COM1-DF,6081605000,COM,COM1,PC1,MC,PC1-MC-COM1
177,37.5814599,-122.3897966,360,1455.368,RM1L-m-COM1-DF,6081605000,COM,COM1,RM1L,MC,RM1L-MC-COM1
178,37.5814599,-122.3897966,360,485.1225,RM2L-m-COM1-DF,6081605000,COM,COM1,RM2L,MC,RM2L-MC-COM1
179,37.5814599,-122.3897966,360,963.058,W1-m-COM1-DF,6081605000,COM,COM1,W1,MC,W1-MC-COM1
180,37.5814599,-122.3897966,360,474.342,W2-m-COM1-DF,6081605000,COM,COM1,W2,MC,W2-MC-COM1
181,37.5814599,-122.3897966,360,102,C2L-m-COM10-DF,6081605000,COM,COM10,C2L,MC,C2L-MC-COM10
182,37.5814599,-122.3897966,360,102,S4L-m-COM10-DF,6081605000,COM,COM10,S4L,MC,S4L-MC-COM10
183,37.5814599,-122.3897966,360,671.3616,C2L-m-COM2-DF,6081605000,COM,COM2,C2L,MC,C2L-MC-COM2
184,37.5814599,-122.3897966,360,671.3616,C2L-p-COM2-DF,6081605000,COM,COM2,C2L,PC,C2L-PC-COM2
185,37.5814599,-122.3897966,360,671.3616,C2M-m-COM2-DF,6081605000,COM,COM2,C2M,MC,C2M-MC-COM2
186,37.5814599,-122.3897966,360,2109.994,PC1-m-COM2-DF,6081605000,COM,COM2,PC1,MC,PC1-MC-COM2
187,37.5814599,-122.3897966,360,671.3616,PC1-h-COM2-DF,6081605000,COM,COM2,PC1,VC,PC1-VC-COM2
188,37.5814599,-122.3897966,360,682.11,RM2L-m-COM2-DF,6081605000,COM,COM2,RM2L,MC,RM2L-MC-COM2
189,37.5814599,-122.3897966,360,1384.89,RM2M-m-COM2-DF,6081605000,COM,COM2,RM2M,MC,RM2M-MC-COM2
190,37.5814599,-122.3897966,360,661.44,S4L-m-COM2-DF,6081605000,COM,COM2,S4L,MC,S4L-MC-COM2
191,37.5814599,-122.3897966,360,744.12,W1-m-COM2-DF,6081605000,COM,COM2,W1,MC,W1-MC-COM2
192,37.5814599,-122.3897966,360,6866.25,C2L-m-COM3-DF,6081605000,COM,COM3,C2L,MC,C2L-MC-COM3
193,37.5814599,-122.3897966,360,6866.25,C2M-m-COM3-DF,6081605000,COM,COM3,C2M,MC,C2M-MC-COM3
194,37.5814599,-122.3897966,360,11581.08,RM1L-m-COM3-DF,6081605000,COM,COM3,RM1L,MC,RM1L-MC-COM3
195,37.5814599,-122.3897966,360,11329.31,RM2L-m-COM3-DF,6081605000,COM,COM3,RM2L,MC,RM2L-MC-COM3
196,37.5814599,-122.3897966,360,2265.862,RM2M-m-COM3-DF,6081605000,COM,COM3,RM2M,MC,RM2M-MC-COM3
197,37.5814599,-122.3897966,360,2288.75,S1L-m-COM3-DF,6081605000,COM,COM3,S1L,MC,S1L-MC-COM3
198,37.5814599,-122.3897966,360,2288.75,S1M-m-COM3-DF,6081605000,COM,COM3,S1M,MC,S1M-MC-COM3
199,37.5814599,-122.3897966,360,2288.75,W1-m-COM3-DF,6081605000,COM,COM3,W1,MC,W1-MC-COM3
200,37.5814599,-122.3897966,360,1826.942,C1M-m-COM4-DF,6081605000,COM,COM4,C1M,MC,C1M-MC-COM4
201,37.5814599,-122.3897966,360,913.4712,C2L-h-COM4-DF,6081605000,COM,COM4,C2L,HC,C2L-HC-COM4
202,37.5814599,-122.3897966,360,5176.337,C2L-m-COM4-DF,6081605000,COM,COM4,C2L,MC,C2L-MC-COM4
203,37.5814599,-122.3897966,360,913.4712,C2L-h-COM4-DF,6081605000,COM,COM4,C2L,VC,C2L-VC-COM4
204,37.5814599,-122.3897966,360,2740.413,C2M-m-COM4-DF,6081605000,COM,COM4,C2M,MC,C2M-MC-COM4
205,37.5814599,-122.3897966,360,3653.885,PC1-m-COM4-DF,6081605000,COM,COM4,PC1,MC,PC1-MC-COM4
206,37.5814599,-122.3897966,360,2686.68,RM1L-m-COM4-DF,6081605000,COM,COM4,RM1L,MC,RM1L-MC-COM4
207,37.5814599,-122.3897966,360,859.7375,RM1M-m-COM4-DF,6081605000,COM,COM4,RM1M,MC,RM1M-MC-COM4
208,37.5814599,-122.3897966,360,4513.623,RM2L-m-COM4-DF,6081605000,COM,COM4,RM2L,MC,RM2L-MC-COM4
209,37.5814599,-122.3897966,360,895.56,S1M-m-COM4-DF,6081605000,COM,COM4,S1M,MC,S1M-MC-COM4
210,37.5814599,-122.3897966,360,895.56,S3-m-COM4-DF,6081605000,COM,COM4,S3,MC,S3-MC-COM4
211,37.5814599,-122.3897966,360,895.56,S4L-h-COM4-DF,6081605000,COM,COM4,S4L,VC,S4L-VC-COM4
212,37.5814599,-122.3897966,360,1791.12,S4M-m-COM4-DF,6081605000,COM,COM4,S4M,MC,S4M-MC-COM4
213,37.5814599,-122.3897966,360,2686.68,URML-p-COM4-DF,6081605000,COM,COM4,URML,PC,URML-PC-COM4
214,37.5814599,-122.3897966,360,859.7375,W1-h-COM4-DF,6081605000,COM,COM4,W1,HC,W1-HC-COM4
215,37.5814599,-122.3897966,360,9027.245,W1-m-COM4-DF,6081605000,COM,COM4,W1,MC,W1-MC-COM4
216,37.5814599,-122.3897966,360,859.7375,W1-h-COM4-DF,6081605000,COM,COM4,W1,VC,W1-VC-COM4
217,37.5814599,-122.3897966,360,3582.24,W2-m-COM4-DF,6081605000,COM,COM4,W2,MC,W2-MC-COM4
218,37.5814599,-122.3897966,360,1851.47,C2M-m-COM5-DF,6081605000,COM,COM5,C2M,MC,C2M-MC-COM5
219,37.5814599,-122.3897966,360,1851.47,RM1L-m-COM5-DF,6081605000,COM,COM5,RM1L,MC,RM1L-MC-COM5
220,37.5814599,-122.3897966,360,1851.47,S1M-m-COM5-DF,6081605000,COM,COM5,S1M,MC,S1M-MC-COM5
221,37.5814599,-122.3897966,360,5336.59,W1-m-COM5-DF,6081605000,COM,COM5,W1,MC,W1-MC-COM5
222,37.5814599,-122.3897966,360,64428.38,C2L-m-COM6-DF,6081605000,COM,COM6,C2L,MS,C2L-MS-COM6
223,37.5814599,-122.3897966,360,64428.38,C2M-m-COM6-DF,6081605000,COM,COM6,C2M,MS,C2M-MS-COM6
224,37.5814599,-122.3897966,360,130809.1,RM1L-m-COM6-DF,6081605000,COM,COM6,RM1L,MS,RM1L-MS-COM6
225,37.5814599,-122.3897966,360,64428.38,RM2L-m-COM6-DF,6081605000,COM,COM6,RM2L,MS,RM2L-MS-COM6
226,37.5814599,-122.3897966,360,66380.75,W2-m-COM6-DF,6081605000,COM,COM6,W2,MS,W2-MS-COM6
227,37.5814599,-122.3897966,360,3961.56,C1M-m-COM7-DF,6081605000,COM,COM7,C1M,MC,C1M-MC-COM7
228,37.5814599,-122.3897966,360,7626.003,RM1L-m-COM7-DF,6081605000,COM,COM7,RM1L,MC,RM1L-MC-COM7
229,37.5814599,-122.3897966,360,3928.547,RM1M-m-COM7-DF,6081605000,COM,COM7,RM1M,MC,RM1M-MC-COM7
230,37.5814599,-122.3897966,360,11554.55,RM2M-m-COM7-DF,6081605000,COM,COM7,RM2M,MC,RM2M-MC-COM7
231,37.5814599,-122.3897966,360,4040.791,S2L-m-COM7-DF,6081605000,COM,COM7,S2L,MC,S2L-MC-COM7
232,37.5814599,-122.3897966,360,3921.944,S3-p-COM7-DF,6081605000,COM,COM7,S3,PC,S3-PC-COM7
233,37.5814599,-122.3897966,360,3921.944,S4M-m-COM7-DF,6081605000,COM,COM7,S4M,MC,S4M-MC-COM7
234,37.5814599,-122.3897966,360,23280.77,W1-m-COM7-DF,6081605000,COM,COM7,W1,MC,W1-MC-COM7
235,37.5814599,-122.3897966,360,3789.892,W2-m-COM7-DF,6081605000,COM,COM7,W2,MC,W2-MC-COM7
236,37.5814599,-122.3897966,360,2120.6,C2L-m-COM8-DF,6081605000,COM,COM8,C2L,MC,C2L-MC-COM8
237,37.5814599,-122.3897966,360,2120.6,RM2L-m-COM8-DF,6081605000,COM,COM8,RM2L,MC,RM2L-MC-COM8
238,37.5814599,-122.3897966,360,2163.012,S2L-m-COM8-DF,6081605000,COM,COM8,S2L,MC,S2L-MC-COM8
239,37.5814599,-122.3897966,360,2099.394,S4L-h-COM8-DF,6081605000,COM,COM8,S4L,HC,S4L-HC-COM8
240,37.5814599,-122.3897966,360,2099.394,S4L-m-COM8-DF,6081605000,COM,COM8,S4L,MC,S4L-MC-COM8
241,37.5814599,-122.3897966,360,9207.77,C2L-m-EDU1-DF,6081605000,EDU,EDU1,C2L,MS,C2L-MS-EDU1
242,37.5814599,-122.3897966,360,9207.77,PC1-m-EDU1-DF,6081605000,EDU,EDU1,PC1,MS,PC1-MS-EDU1
243,37.5814599,-122.3897966,360,27623.31,RM1L-m-EDU1-DF,6081605000,EDU,EDU1,RM1L,MS,RM1L-MS-EDU1
244,37.5814599,-122.3897966,360,9207.77,S2L-m-EDU1-DF,6081605000,EDU,EDU1,S2L,MS,S2L-MS-EDU1
245,37.5814599,-122.3897966,360,9207.77,S4L-m-EDU1-DF,6081605000,EDU,EDU1,S4L,MS,S4L-MS-EDU1
246,37.5814599,-122.3897966,360,19252.61,W2-m-EDU1-DF,6081605000,EDU,EDU1,W2,MS,W2-MS-EDU1
247,37.5814599,-122.3897966,360,187,S1M-m-GOV1-DF,6081605000,GOV,GOV1,S1M,MC,S1M-MC-GOV1
248,37.5814599,-122.3897966,360,187,W1-m-GOV1-DF,6081605000,GOV,GOV1,W1,MC,W1-MC-GOV1
249,37.5814599,-122.3897966,360,5402,RM1L-m-GOV2-DF,6081605000,GOV,GOV2,RM1L,MS,RM1L-MS-GOV2
250,37.5814599,-122.3897966,360,359,C1L-m-IND1-DF,6081605000,IND,IND1,C1L,MC,C1L-MC-IND1
251,37.5814599,-122.3897966,360,1327.25,PC2L-m-IND2-DF,6081605000,IND,IND2,PC2L,MC,PC2L-MC-IND2
252,37.5814599,-122.3897966,360,1353.795,S3-m-IND2-DF,6081605000,IND,IND2,S3,MC,S3-MC-IND2
253,37.5814599,-122.3897966,360,1313.978,S4L-m-IND2-DF,6081605000,IND,IND2,S4L,MC,S4L-MC-IND2
254,37.5814599,-122.3897966,360,1313.978,S5L-p-IND2-DF,6081605000,IND,IND2,S5L,PC,S5L-PC-IND2
255,37.5814599,-122.3897966,360,2080.875,C2L-m-IND5-DF,6081605000,IND,IND5,C2L,MC,C2L-MC-IND5
256,37.5814599,-122.3897966,360,6242.625,PC1-m-IND5-DF,6081605000,IND,IND5,PC1,MC,PC1-MC-IND5
257,37.5814599,-122.3897966,360,2164.11,RM2L-m-IND5-DF,6081605000,IND,IND5,RM2L,MC,RM2L-MC-IND5
258,37.5814599,-122.3897966,360,2032.599,S2L-m-IND5-DF,6081605000,IND,IND5,S2L,MC,S2L-MC-IND5
259,37.5814599,-122.3897966,360,2032.599,S2M-m-IND5-DF,6081605000,IND,IND5,S2M,MC,S2M-MC-IND5
260,37.5814599,-122.3897966,360,2094.193,S3-m-IND5-DF,6081605000,IND,IND5,S3,MC,S3-MC-IND5
261,37.5814599,-122.3897966,360,434.188,C2L-p-IND6-DF,6081605000,IND,IND6,C2L,PC,C2L-PC-IND6
262,37.5814599,-122.3897966,360,434.188,C2L-h-IND6-DF,6081605000,IND,IND6,C2L,VC,C2L-VC-IND6
263,37.5814599,-122.3897966,360,1302.564,PC1-m-IND6-DF,6081605000,IND,IND6,PC1,MC,PC1-MC-IND6
264,37.5814599,-122.3897966,360,428.475,RM1L-h-IND6-DF,6081605000,IND,IND6,RM1L,HC,RM1L-HC-IND6
265,37.5814599,-122.3897966,360,428.475,RM2L-m-IND6-DF,6081605000,IND,IND6,RM2L,MC,RM2L-MC-IND6
266,37.5814599,-122.3897966,360,2685.11,W1-m-IND6-DF,6081605000,IND,IND6,W1,MC,W1-MC-IND6
267,37.5814599,-122.3897966,360,9064,RM2L-m-REL1-DF,6081605000,REL,REL1,RM2L,MC,RM2L-MC-REL1
268,37.5814599,-122.3897966,360,8973.36,S1L-h-REL1-DF,6081605000,REL,REL1,S1L,HC,S1L-HC-REL1
269,37.5814599,-122.3897966,360,8973.36,S2L-m-REL1-DF,6081605000,REL,REL1,S2L,MC,S2L-MC-REL1
270,37.5814599,-122.3897966,360,9245.28,S3-m-REL1-DF,6081605000,REL,REL1,S3,MC,S3-MC-REL1
271,37.5814599,-122.3897966,360,55711.24,W1-h-RES1-DF,6081605000,RES,RES1,W1,HC,W1-HC-RES1
272,37.5814599,-122.3897966,360,1281359,W1-m-RES1-DF,6081605000,RES,RES1,W1,MC,W1-MC-RES1
273,37.5814599,-122.3897966,360,41783.43,W1-h-RES1-DF,6081605000,RES,RES1,W1,VC,W1-VC-RES1
274,37.5814599,-122.3897966,360,13927.81,W2-h-RES1-DF,6081605000,RES,RES1,W2,HC,W2-HC-RES1
275,37.5814599,-122.3897966,360,1743.24,C2L-m-RES3AF-DF,6081605000,RES,RES3A,C2L,MC,C2L-MC-RES3
276,37.5814599,-122.3897966,360,581.08,C2L-p-RES3AF-DF,6081605000,RES,RES3A,C2L,PC,C2L-PC-RES3
277,37.5814599,-122.3897966,360,581.08,C3L-p-RES3AF-DF,6081605000,RES,RES3A,C3L,PC,C3L-PC-RES3
278,37.5814599,-122.3897966,360,1743.24,RM1L-m-RES3AF-DF,6081605000,RES,RES3A,RM1L,MC,RM1L-MC-RES3
279,37.5814599,-122.3897966,360,1162.16,S2L-m-RES3AF-DF,6081605000,RES,RES3A,S2L,MC,S2L-MC-RES3
280,37.5814599,-122.3897966,360,697.296,W1-h-RES3AF-DF,6081605000,RES,RES3A,W1,HC,W1-HC-RES3
281,37.5814599,-122.3897966,360,20686.45,W1-m-RES3AF-DF,6081605000,RES,RES3A,W1,MC,W1-MC-RES3
282,37.5814599,-122.3897966,360,1162.16,W2-m-RES3AF-DF,6081605000,RES,RES3A,W2,MC,W2-MC-RES3
283,37.5814599,-122.3897966,360,697.296,W2-h-RES3AF-DF,6081605000,RES,RES3A,W2,VC,W2-VC-RES3
284,37.5814599,-122.3897966,360,1023.21,C2L-m-RES3AF-DF,6081605000,RES,RES3B,C2L,MC,C2L-MC-RES3
285,37.5814599,-122.3897966,360,568.45,S3-m-RES3AF-DF,6081605000,RES,RES3B,S3,MC,S3-MC-RES3
286,37.5814599,-122.3897966,360,9777.34,W1-m-RES3AF-DF,6081605000,RES,RES3B,W1,MC,W1-MC-RES3
287,37.5814599,-122.3897966,360,1646.7,RM1L-m-RES3AF-DF,6081605000,RES,RES3C,RM1L,MC,RM1L-MC-RES3
288,37.5814599,-122.3897966,360,9929.601,W1-m-RES3AF-DF,6081605000,RES,RES3C,W1,MC,W1-MC-RES3
289,37.5814599,-122.3897966,360,4890.699,W2-m-RES3AF-DF,6081605000,RES,RES3C,W2,MC,W2-MC-RES3
290,37.5814599,-122.3897966,360,4921.83,C2L-m-RES3AF-DF,6081605000,RES,RES3D,C2L,MC,C2L-MC-RES3
291,37.5814599,-122.3897966,360,7109.31,RM1L-m-RES3AF-DF,6081605000,RES,RES3D,RM1L,MC,RM1L-MC-RES3
292,37.5814599,-122.3897966,360,9384.289,W1-m-RES3AF-DF,6081605000,RES,RES3D,W1,MC,W1-MC-RES3
293,37.5814599,-122.3897966,360,2559.352,W1-h-RES3AF-DF,6081605000,RES,RES3D,W1,VC,W1-VC-RES3
294,37.5814599,-122.3897966,360,28152.87,W2-m-RES3AF-DF,6081605000,RES,RES3D,W2,MC,W2-MC-RES3
295,37.5814599,-122.3897966,360,2559.352,W2-h-RES3AF-DF,6081605000,RES,RES3D,W2,VC,W2-VC-RES3
296,37.5814599,-122.3897966,360,10509.3,C2L-m-RES3AF-DF,6081605000,RES,RES3E,C2L,MC,C2L-MC-RES3
297,37.5814599,-122.3897966,360,5202.104,S1M-h-RES3AF-DF,6081605000,RES,RES3E,S1M,HC,S1M-HC-RES3
298,37.5814599,-122.3897966,360,5359.743,S2L-m-RES3AF-DF,6081605000,RES,RES3E,S2L,MC,S2L-MC-RES3
299,37.5814599,-122.3897966,360,5202.104,S4M-m-RES3AF-DF,6081605000,RES,RES3E,S4M,MC,S4M-MC-RES3
300,37.5814599,-122.3897966,360,32111.75,W2-m-RES3AF-DF,6081605000,RES,RES3E,W2,MC,W2-MC-RES3
301,37.5814599,-122.3897966,360,12192.18,W2-h-RES3AF-DF,6081605000,RES,RES3F,W2,HC,W2-HC-RES3
302,37.5814599,-122.3897966,360,12192.18,W2-m-RES3AF-DF,6081605000,RES,RES3F,W2,MC,W2-MC-RES3
303,37.5814599,-122.3897966,360,12561.64,W2-h-RES3AF-DF,6081605000,RES,RES3F,W2,VC,W2-VC-RES3
304,37.5814599,-122.3897966,360,192,W1-h-RES4-DF,6081605000,RES,RES4,W1,VC,W1-VC-RES4
305,37.5814599,-122.3897966,360,14259.3,RM1M-m-RES6-DF,6081605000,RES,RES6,RM1M,MC,RM1M-MC-RES6
306,37.5814599,-122.3897966,360,14661.15,W1-m-RES6-DF,6081605000,RES,RES6,W1,MC,W1-MC-RES6
307,37.5814599,-122.3897966,360,35894.55,W2-m-RES6-DF,6081605000,RES,RES6,W2,MC,W2-MC-RES6
308,34.2638082,-119.2056347,360,106,RM2L-m-COM1-DF,6111001511,COM,COM1,RM2L,MC,RM2L-MC-COM1
309,34.2638082,-119.2056347,360,73,S1L-m-COM10-DF,6111001511,COM,COM10,S1L,MC,S1L-MC-COM10
310,34.2638082,-119.2056347,360,922,PC1-m-COM2-DF,6111001511,COM,COM2,PC1,MC,PC1-MC-COM2
311,34.2638082,-119.2056347,360,347.73,C2L-m-COM3-DF,6111001511,COM,COM3,C2L,MC,C2L-MC-COM3
312,34.2638082,-119.2056347,360,347.73,PC1-m-COM3-DF,6111001511,COM,COM3,PC1,MC,PC1-MC-COM3
313,34.2638082,-119.2056347,360,342.54,RM1L-m-COM3-DF,6111001511,COM,COM3,RM1L,MC,RM1L-MC-COM3
314,34.2638082,-119.2056347,360,2200.5,C2L-m-COM4-DF,6111001511,COM,COM4,C2L,MC,C2L-MC-COM4
315,34.2638082,-119.2056347,360,726.165,RM1M-h-COM4-DF,6111001511,COM,COM4,RM1M,HC,RM1M-HC-COM4
316,34.2638082,-119.2056347,360,1474.335,RM2L-h-COM4-DF,6111001511,COM,COM4,RM2L,HC,RM2L-HC-COM4
317,34.2638082,-119.2056347,360,733.5,W1-h-COM4-DF,6111001511,COM,COM4,W1,HC,W1-HC-COM4
318,34.2638082,-119.2056347,360,733.5,W1-m-COM4-DF,6111001511,COM,COM4,W1,MC,W1-MC-COM4
319,34.2638082,-119.2056347,360,733.5,W2-h-COM4-DF,6111001511,COM,COM4,W2,HC,W2-HC-COM4
320,34.2638082,-119.2056347,360,733.5,W2-m-COM4-DF,6111001511,COM,COM4,W2,MC,W2-MC-COM4
321,34.2638082,-119.2056347,360,5673.03,RM2L-m-COM5-DF,6111001511,COM,COM5,RM2L,MC,RM2L-MC-COM5
322,34.2638082,-119.2056347,360,11517.97,W2-m-COM5-DF,6111001511,COM,COM5,W2,MC,W2-MC-COM5
323,34.2638082,-119.2056347,360,3838,PC1-h-COM7-DF,6111001511,COM,COM7,PC1,HC,PC1-HC-COM7
324,34.2638082,-119.2056347,360,1446,C2M-m-COM8-DF,6111001511,COM,COM8,C2M,MC,C2M-MC-COM8
325,34.2638082,-119.2056347,360,13474.5,C2L-h-EDU1-DF,6111001511,EDU,EDU1,C2L,HS,C2L-HS-EDU1
326,34.2638082,-119.2056347,360,13474.5,RM1L-m-EDU1-DF,6111001511,EDU,EDU1,RM1L,MS,RM1L-MS-EDU1
327,34.2638082,-119.2056347,360,972,C2M-m-GOV1-DF,6111001511,GOV,GOV1,C2M,MC,C2M-MC-GOV1
328,34.2638082,-119.2056347,360,419,C2L-h-IND2-DF,6111001511,IND,IND2,C2L,HC,C2L-HC-IND2
329,34.2638082,-119.2056347,360,419,RM1L-m-IND2-DF,6111001511,IND,IND2,RM1L,MC,RM1L-MC-IND2
330,34.2638082,-119.2056347,360,1005.5,C2L-m-IND5-DF,6111001511,IND,IND5,C2L,MC,C2L-MC-IND5
331,34.2638082,-119.2056347,360,1005.5,PC1-m-IND5-DF,6111001511,IND,IND5,PC1,MC,PC1-MC-IND5
332,34.2638082,-119.2056347,360,1005.5,S3-m-IND5-DF,6111001511,IND,IND5,S3,MC,S3-MC-IND5
333,34.2638082,-119.2056347,360,1005.5,W1-h-IND5-DF,6111001511,IND,IND5,W1,HC,W1-HC-IND5
334,34.2638082,-119.2056347,360,150,S3-m-IND6-DF,6111001511,IND,IND6,S3,MC,S3-MC-IND6
335,34.2638082,-119.2056347,360,2819.025,C2L-h-REL1-DF,6111001511,REL,REL1,C2L,HC,C2L-HC-REL1
336,34.2638082,-119.2056347,360,2819.025,C2L-m-REL1-DF,6111001511,REL,REL1,C2L,MC,C2L-MC-REL1
337,34.2638082,-119.2056347,360,2776.95,W2-m-REL1-DF,6111001511,REL,REL1,W2,MC,W2-MC-REL1
338,34.2638082,-119.2056347,360,25550.2,W1-h-RES1-DF,6111001511,RES,RES1,W1,HC,W1-HC-RES1
339,34.2638082,-119.2056347,360,56869.8,W1-m-RES1-DF,6111001511,RES,RES1,W1,MC,W1-MC-RES1
340,34.2638082,-119.2056347,360,840.2,C2L-m-RES3AF-DF,6111001511,RES,RES3B,C2L,MC,C2L-MC-RES3
341,34.2638082,-119.2056347,360,840.2,RM1L-m-RES3AF-DF,6111001511,RES,RES3B,RM1L,MC,RM1L-MC-RES3
342,34.2638082,-119.2056347,360,420.1,S2L-m-RES3AF-DF,6111001511,RES,RES3B,S2L,MC,S2L-MC-RES3
343,34.2638082,-119.2056347,360,2079.495,W1-h-RES3AF-DF,6111001511,RES,RES3B,W1,HC,W1-HC-RES3
344,34.2638082,-119.2056347,360,16446.92,W1-m-RES3AF-DF,6111001511,RES,RES3B,W1,MC,W1-MC-RES3
345,34.2638082,-119.2056347,360,378.09,W2-h-RES3AF-DF,6111001511,RES,RES3B,W2,HC,W2-HC-RES3
346,34.2638082,-119.2056347,360,3552.64,C2L-m-RES3AF-DF,6111001511,RES,RES3C,C2L,MC,C2L-MC-RES3
347,34.2638082,-119.2056347,360,4567.68,RM1L-m-RES3AF-DF,6111001511,RES,RES3C,RM1L,MC,RM1L-MC-RES3
348,34.2638082,-119.2056347,360,2283.84,S1L-m-RES3AF-DF,6111001511,RES,RES3C,S1L,MC,S1L-MC-RES3
349,34.2638082,-119.2056347,360,1141.92,S2L-m-RES3AF-DF,6111001511,RES,RES3C,S2L,MC,S2L-MC-RES3
350,34.2638082,-119.2056347,360,1141.92,S4L-m-RES3AF-DF,6111001511,RES,RES3C,S4L,MC,S4L-MC-RES3
351,34.2638082,-119.2056347,360,30451.2,W1-m-RES3AF-DF,6111001511,RES,RES3C,W1,MC,W1-MC-RES3
352,34.2638082,-119.2056347,360,7612.8,W2-m-RES3AF-DF,6111001511,RES,RES3C,W2,MC,W2-MC-RES3
353,36.921837,-121.7774079,360,436,S1L-m-AGR1-DF,6087110506,AGR,AGR1,S1L,MC,S1L-MC-AGR1
354,36.921837,-121.7774079,360,5560.444,PC1-h-COM1-DF,6087110506,COM,COM1,PC1,HC,PC1-HC-COM1
355,36.921837,-121.7774079,360,2738.726,PC1-m-COM1-DF,6087110506,COM,COM1,PC1,MC,PC1-MC-COM1
356,36.921837,-121.7774079,360,5532.78,RM1L-h-COM1-DF,6087110506,COM,COM1,RM1L,HC,RM1L-HC-COM1
357,36.921837,-121.7774079,360,5532.78,RM2L-h-COM1-DF,6087110506,COM,COM1,RM2L,HC,RM2L-HC-COM1
358,36.921837,-121.7774079,360,2892.135,S3-h-COM1-DF,6087110506,COM,COM1,S3,HC,S3-HC-COM1
359,36.921837,-121.7774079,360,2892.135,S4L-m-COM1-DF,6087110506,COM,COM1,S4L,MC,S4L-MC-COM1
360,36.921837,-121.7774079,360,157.785,C1L-h-COM2-DF,6087110506,COM,COM2,C1L,HC,C1L-HC-COM2
361,36.921837,-121.7774079,360,157.785,PC1-m-COM2-DF,6087110506,COM,COM2,PC1,MC,PC1-MC-COM2
362,36.921837,-121.7774079,360,155.43,W1-h-COM2-DF,6087110506,COM,COM2,W1,HC,W1-HC-COM2
363,36.921837,-121.7774079,360,481.61,PC1-h-COM3-DF,6087110506,COM,COM3,PC1,HC,PC1-HC-COM3
364,36.921837,-121.7774079,360,481.61,RM1L-h-COM3-DF,6087110506,COM,COM3,RM1L,HC,RM1L-HC-COM3
365,36.921837,-121.7774079,360,467.445,RM1L-h-COM3-DF,6087110506,COM,COM3,RM1L,VC,RM1L-VC-COM3
366,36.921837,-121.7774079,360,467.445,RM2L-h-COM3-DF,6087110506,COM,COM3,RM2L,HC,RM2L-HC-COM3
367,36.921837,-121.7774079,360,481.61,S2L-h-COM3-DF,6087110506,COM,COM3,S2L,HC,S2L-HC-COM3
368,36.921837,-121.7774079,360,453.28,W1-h-COM3-DF,6087110506,COM,COM3,W1,HC,W1-HC-COM3
369,36.921837,-121.7774079,360,719.64,PC1-h-COM4-DF,6087110506,COM,COM4,PC1,HC,PC1-HC-COM4
370,36.921837,-121.7774079,360,719.64,PC2L-h-COM4-DF,6087110506,COM,COM4,PC2L,HC,PC2L-HC-COM4
371,36.921837,-121.7774079,360,719.64,RM1L-h-COM4-DF,6087110506,COM,COM4,RM1L,HC,RM1L-HC-COM4
372,36.921837,-121.7774079,360,719.64,RM2L-h-COM4-DF,6087110506,COM,COM4,RM2L,HC,RM2L-HC-COM4
373,36.921837,-121.7774079,360,3633.382,W1-h-COM4-DF,6087110506,COM,COM4,W1,HC,W1-HC-COM4
374,36.921837,-121.7774079,360,1484.057,W2-h-COM4-DF,6087110506,COM,COM4,W2,HC,W2-HC-COM4
375,36.921837,-121.7774079,360,944.79,C2L-h-COM5-DF,6087110506,COM,COM5,C2L,HC,C2L-HC-COM5
376,36.921837,-121.7774079,360,944.79,S3-h-COM5-DF,6087110506,COM,COM5,S3,HC,S3-HC-COM5
377,36.921837,-121.7774079,360,973.42,W1-h-COM5-DF,6087110506,COM,COM5,W1,HC,W1-HC-COM5
378,36.921837,-121.7774079,360,1900,W1-h-COM7-DF,6087110506,COM,COM7,W1,HC,W1-HC-COM7
379,36.921837,-121.7774079,360,1266.375,RM1L-h-COM8-DF,6087110506,COM,COM8,RM1L,HC,RM1L-HC-COM8
380,36.921837,-121.7774079,360,1266.375,RM2L-h-COM8-DF,6087110506,COM,COM8,RM2L,HC,RM2L-HC-COM8
381,36.921837,-121.7774079,360,1266.375,S1L-h-COM8-DF,6087110506,COM,COM8,S1L,HC,S1L-HC-COM8
382,36.921837,-121.7774079,360,1266.375,S2L-h-COM8-DF,6087110506,COM,COM8,S2L,HC,S2L-HC-COM8
383,36.921837,-121.7774079,360,2609.5,W1-h-COM8-DF,6087110506,COM,COM8,W1,HC,W1-HC-COM8
384,36.921837,-121.7774079,360,3884,S4L-m-GOV2-DF,6087110506,GOV,GOV2,S4L,MS,S4L-MS-GOV2
385,36.921837,-121.7774079,360,9804,S3-h-IND1-DF,6087110506,IND,IND1,S3,HC,S3-HC-IND1
386,36.921837,-121.7774079,360,861.7875,PC1-h-IND6-DF,6087110506,IND,IND6,PC1,HC,PC1-HC-IND6
387,36.921837,-121.7774079,360,424.4625,PC1-h-IND6-DF,6087110506,IND,IND6,PC1,VC,PC1-VC-IND6
388,36.921837,-121.7774079,360,428.75,RM1L-h-IND6-DF,6087110506,IND,IND6,RM1L,HC,RM1L-HC-IND6
389,36.921837,-121.7774079,360,1913.5,RM1L-h-REL1-DF,6087110506,REL,REL1,RM1L,HC,RM1L-HC-REL1
390,36.921837,-121.7774079,360,1913.5,RM1L-m-REL1-DF,6087110506,REL,REL1,RM1L,MC,RM1L-MC-REL1
391,36.921837,-121.7774079,360,130681.3,W1-h-RES1-DF,6087110506,RES,RES1,W1,HC,W1-HC-RES1
392,36.921837,-121.7774079,360,14001.57,W1-m-RES1-DF,6087110506,RES,RES1,W1,MC,W1-MC-RES1
393,36.921837,-121.7774079,360,10890.11,W1-h-RES1-DF,6087110506,RES,RES1,W1,VC,W1-VC-RES1
394,36.921837,-121.7774079,360,2168,MH-h-RES2-DF,6087110506,RES,RES2,MH,HC,MH-HC-RES2
395,36.921837,-121.7774079,360,4558.242,C2L-h-RES3AF-DF,6087110506,RES,RES3A,C2L,HC,C2L-HC-RES3
396,36.921837,-121.7774079,360,563.3782,PC2L-h-RES3AF-DF,6087110506,RES,RES3A,PC2L,HC,PC2L-HC-RES3
397,36.921837,-121.7774079,360,6584.94,RM1L-h-RES3AF-DF,6087110506,RES,RES3A,RM1L,HC,RM1L-HC-RES3
398,36.921837,-121.7774079,360,731.66,S3-h-RES3AF-DF,6087110506,RES,RES3A,S3,HC,S3-HC-RES3
399,36.921837,-121.7774079,360,731.66,S4L-h-RES3AF-DF,6087110506,RES,RES3A,S4L,HC,S4L-HC-RES3
400,36.921837,-121.7774079,360,59996.12,W1-h-RES3AF-DF,6087110506,RES,RES3A,W1,HC,W1-HC-RES3
401,36.921837,-121.7774079,360,106.68,C2L-h-RES3AF-DF,6087110506,RES,RES3B,C2L,HC,C2L-HC-RES3
402,36.921837,-121.7774079,360,213.36,RM1L-h-RES3AF-DF,6087110506,RES,RES3B,RM1L,HC,RM1L-HC-RES3
403,36.921837,-121.7774079,360,3106.521,W1-h-RES3AF-DF,6087110506,RES,RES3B,W1,HC,W1-HC-RES3
404,36.921837,-121.7774079,360,129.4384,W1-m-RES3AF-DF,6087110506,RES,RES3B,W1,MC,W1-MC-RES3
405,36.921837,-121.7774079,360,3309,W1-h-RES3AF-DF,6087110506,RES,RES3C,W1,HC,W1-HC-RES3
406,36.921837,-121.7774079,360,1529.5,C2L-h-RES3AF-DF,6087110506,RES,RES3D,C2L,HC,C2L-HC-RES3
407,36.921837,-121.7774079,360,1529.5,W2-h-RES3AF-DF,6087110506,RES,RES3D,W2,HC,W2-HC-RES3
408,36.921837,-121.7774079,360,7066,W2-h-RES3AF-DF,6087110506,RES,RES3E,W2,HC,W2-HC-RES3
409,36.921837,-121.7774079,360,285,W1-h-RES4-DF,6087110506,RES,RES4,W1,HC,W1-HC-RES4
410,34.0145285,-118.2980282,360,755.04,S3-h-COM1-DF,6037231210,COM,COM1,S3,HC,S3-HC-COM1
411,34.0145285,-118.2980282,360,766.48,W1-m-COM1-DF,6037231210,COM,COM1,W1,MC,W1-MC-COM1
412,34.0145285,-118.2980282,360,766.48,W2-h-COM1-DF,6037231210,COM,COM1,W2,HC,W2-HC-COM1
413,34.0145285,-118.2980282,360,87,S5L-p-COM2-DF,6037231210,COM,COM2,S5L,PC,S5L-PC-COM2
414,34.0145285,-118.2980282,360,193,URMM-p-COM3-DF,6037231210,COM,COM3,URMM,PC,URMM-PC-COM3
415,34.0145285,-118.2980282,360,4639,W2-p-COM7-DF,6037231210,COM,COM7,W2,PC,W2-PC-COM7
416,34.0145285,-118.2980282,360,1046.1,S5L-p-IND6-DF,6037231210,IND,IND6,S5L,PC,S5L-PC-IND6
417,34.0145285,-118.2980282,360,1061.95,W1-m-IND6-DF,6037231210,IND,IND6,W1,MC,W1-MC-IND6
418,34.0145285,-118.2980282,360,1061.95,W2-p-IND6-DF,6037231210,IND,IND6,W2,PC,W2-PC-IND6
419,34.0145285,-118.2980282,360,277.01,URML-p-RES1-DF,6037231210,RES,RES1,URML,PC,URML-PC-RES1
420,34.0145285,-118.2980282,360,1371.199,W1-h-RES1-DF,6037231210,RES,RES1,W1,HC,W1-HC-RES1
421,34.0145285,-118.2980282,360,26052.79,W1-m-RES1-DF,6037231210,RES,RES1,W1,MC,W1-MC-RES1
422,34.0145285,-118.2980282,360,505.8306,C2L-p-RES3AF-DF,6037231210,RES,RES3A,C2L,PC,C2L-PC-RES3
423,34.0145285,-118.2980282,360,1026.989,C3L-p-RES3AF-DF,6037231210,RES,RES3A,C3L,PC,C3L-PC-RES3
424,34.0145285,-118.2980282,360,204.376,RM1L-m-RES3AF-DF,6037231210,RES,RES3A,RM1L,MC,RM1L-MC-RES3
425,34.0145285,-118.2980282,360,173.7196,S2L-p-RES3AF-DF,6037231210,RES,RES3A,S2L,PC,S2L-PC-RES3
426,34.0145285,-118.2980282,360,168.6102,S3-m-RES3AF-DF,6037231210,RES,RES3A,S3,MC,S3-MC-RES3
427,34.0145285,-118.2980282,360,168.6102,S5L-p-RES3AF-DF,6037231210,RES,RES3A,S5L,PC,S5L-PC-RES3
428,34.0145285,-118.2980282,360,817.504,URML-p-RES3AF-DF,6037231210,RES,RES3A,URML,PC,URML-PC-RES3
429,34.0145285,-118.2980282,360,480.2836,W1-h-RES3AF-DF,6037231210,RES,RES3A,W1,HC,W1-HC-RES3
430,34.0145285,-118.2980282,360,47548.07,W1-m-RES3AF-DF,6037231210,RES,RES3A,W1,MC,W1-MC-RES3
431,34.0145285,-118.2980282,360,332.78,S2M-m-RES3AF-DF,6037231210,RES,RES3B,S2M,MC,S2M-MC-RES3
432,34.0145285,-118.2980282,360,2635.617,W1-h-RES3AF-DF,6037231210,RES,RES3B,W1,HC,W1-HC-RES3
433,34.0145285,-118.2980282,360,30309.6,W1-m-RES3AF-DF,6037231210,RES,RES3B,W1,MC,W1-MC-RES3
434,34.0145285,-118.2980282,360,1130.575,C2M-m-RES3AF-DF,6037231210,RES,RES3C,C2M,MC,C2M-MC-RES3
435,34.0145285,-118.2980282,360,1130.575,PC2M-h-RES3AF-DF,6037231210,RES,RES3C,PC2M,SC,PC2M-SC-RES3
436,34.0145285,-118.2980282,360,904.46,RM1M-h-RES3AF-DF,6037231210,RES,RES3C,RM1M,SC,RM1M-SC-RES3
437,34.0145285,-118.2980282,360,1076.307,S1M-p-RES3AF-DF,6037231210,RES,RES3C,S1M,PC,S1M-PC-RES3
438,34.0145285,-118.2980282,360,1044.651,S3-h-RES3AF-DF,6037231210,RES,RES3C,S3,HC,S3-HC-RES3
439,34.0145285,-118.2980282,360,1044.651,S4M-h-RES3AF-DF,6037231210,RES,RES3C,S4M,SC,S4M-SC-RES3
440,34.0145285,-118.2980282,360,4278.096,W1-h-RES3AF-DF,6037231210,RES,RES3C,W1,HC,W1-HC-RES3
441,34.0145285,-118.2980282,360,31113.43,W1-m-RES3AF-DF,6037231210,RES,RES3C,W1,MC,W1-MC-RES3
442,34.0145285,-118.2980282,360,3500.26,W2-m-RES3AF-DF,6037231210,RES,RES3C,W2,MC,W2-MC-RES3
443,34.0145285,-118.2980282,360,2951.62,C2M-m-RES3AF-DF,6037231210,RES,RES3D,C2M,MC,C2M-MC-RES3
444,34.0145285,-118.2980282,360,2740.79,RM1M-m-RES3AF-DF,6037231210,RES,RES3D,RM1M,MC,RM1M-MC-RES3
445,34.0145285,-118.2980282,360,2740.79,RM2M-m-RES3AF-DF,6037231210,RES,RES3D,RM2M,MC,RM2M-MC-RES3
446,34.0145285,-118.2980282,360,2951.62,S2M-m-RES3AF-DF,6037231210,RES,RES3D,S2M,MC,S2M-MC-RES3
447,34.0145285,-118.2980282,360,2770.306,W1-m-RES3AF-DF,6037231210,RES,RES3D,W1,MC,W1-MC-RES3
448,34.0145285,-118.2980282,360,16929.65,W2-m-RES3AF-DF,6037231210,RES,RES3D,W2,MC,W2-MC-RES3
449,34.0145285,-118.2980282,360,11081.22,W2-p-RES3AF-DF,6037231210,RES,RES3D,W2,PC,W2-PC-RES3
450,34.0145285,-118.2980282,360,4325,C3M-p-RES3AF-DF,6037231210,RES,RES3E,C3M,PC,C3M-PC-RES3
451,34.0145285,-118.2980282,360,4325,S2M-p-RES3AF-DF,6037231210,RES,RES3E,S2M,PC,S2M-PC-RES3
452,34.0145285,-118.2980282,360,8693.25,W2-m-RES3AF-DF,6037231210,RES,RES3E,W2,MC,W2-MC-RES3
453,34.0145285,-118.2980282,360,4281.75,W2-p-RES3AF-DF,6037231210,RES,RES3E,W2,PC,W2-PC-RES3
454,34.0145285,-118.2980282,360,759,W1-m-RES4-DF,6037231210,RES,RES4,W1,MC,W1-MC-RES4
455,35.3024984,-119.0250417,360,110,RM1L-h-AGR1-DF,6029003137,AGR,AGR1,RM1L,HC,RM1L-HC-AGR1
456,35.3024984,-119.0250417,360,5724.873,C2L-h-COM1-DF,6029003137,COM,COM1,C2L,HC,C2L-HC-COM1
457,35.3024984,-119.0250417,360,5898.354,PC1-h-COM1-DF,6029003137,COM,COM1,PC1,HC,PC1-HC-COM1
458,35.3024984,-119.0250417,360,5724.873,PC1-m-COM1-DF,6029003137,COM,COM1,PC1,MC,PC1-MC-COM1
459,35.3024984,-119.0250417,360,5782.7,RM1L-h-COM1-DF,6029003137,COM,COM1,RM1L,HC,RM1L-HC-COM1
460,35.3024984,-119.0250417,360,5782.7,RM2L-m-COM1-DF,6029003137,COM,COM1,RM2L,MC,RM2L-MC-COM1
461,35.3024984,-119.0250417,360,11565.4,S3-m-COM1-DF,6029003137,COM,COM1,S3,MC,S3-MC-COM1
462,35.3024984,-119.0250417,360,6045.55,W1-m-COM1-DF,6029003137,COM,COM1,W1,MC,W1-MC-COM1
463,35.3024984,-119.0250417,360,6045.55,W2-h-COM1-DF,6029003137,COM,COM1,W2,HC,W2-HC-COM1
464,35.3024984,-119.0250417,360,2710.485,PC1-h-COM2-DF,6029003137,COM,COM2,PC1,HC,PC1-HC-COM2
465,35.3024984,-119.0250417,360,1335.015,PC1-m-COM2-DF,6029003137,COM,COM2,PC1,MC,PC1-MC-COM2
466,35.3024984,-119.0250417,360,1348.5,S1L-m-COM2-DF,6029003137,COM,COM2,S1L,MC,S1L-MC-COM2
467,35.3024984,-119.0250417,360,226.5,PC2L-h-COM3-DF,6029003137,COM,COM3,PC2L,HC,PC2L-HC-COM3
468,35.3024984,-119.0250417,360,226.5,RM1L-m-COM3-DF,6029003137,COM,COM3,RM1L,MC,RM1L-MC-COM3
469,35.3024984,-119.0250417,360,365.545,C2L-h-COM4-DF,6029003137,COM,COM4,C2L,HC,C2L-HC-COM4
470,35.3024984,-119.0250417,360,365.545,PC1-h-COM4-DF,6029003137,COM,COM4,PC1,HC,PC1-HC-COM4
471,35.3024984,-119.0250417,360,365.545,RM1L-h-COM4-DF,6029003137,COM,COM4,RM1L,HC,RM1L-HC-COM4
472,35.3024984,-119.0250417,360,365.545,RM2L-h-COM4-DF,6029003137,COM,COM4,RM2L,HC,RM2L-HC-COM4
473,35.3024984,-119.0250417,360,709.4094,W1-h-COM4-DF,6029003137,COM,COM4,W1,HC,W1-HC-COM4
474,35.3024984,-119.0250417,360,349.4106,W1-m-COM4-DF,6029003137,COM,COM4,W1,MC,W1-MC-COM4
475,35.3024984,-119.0250417,360,1016,W1-m-COM7-DF,6029003137,COM,COM7,W1,MC,W1-MC-COM7
476,35.3024984,-119.0250417,360,1339.215,RM1L-h-COM8-DF,6029003137,COM,COM8,RM1L,HC,RM1L-HC-COM8
477,35.3024984,-119.0250417,360,2678.43,RM2L-h-COM8-DF,6029003137,COM,COM8,RM2L,HC,RM2L-HC-COM8
478,35.3024984,-119.0250417,360,1339.215,RM2L-m-COM8-DF,6029003137,COM,COM8,RM2L,MC,RM2L-MC-COM8
479,35.3024984,-119.0250417,360,1362.71,S2L-h-COM8-DF,6029003137,COM,COM8,S2L,HC,S2L-HC-COM8
480,35.3024984,-119.0250417,360,1362.71,S4L-h-COM8-DF,6029003137,COM,COM8,S4L,HC,S4L-HC-COM8
481,35.3024984,-119.0250417,360,1315.72,W2-h-COM8-DF,6029003137,COM,COM8,W2,HC,W2-HC-COM8
482,35.3024984,-119.0250417,360,11785,C2L-h-EDU1-DF,6029003137,EDU,EDU1,C2L,HS,C2L-HS-EDU1
483,35.3024984,-119.0250417,360,165,S2L-h-IND2-DF,6029003137,IND,IND2,S2L,HC,S2L-HC-IND2
484,35.3024984,-119.0250417,360,919.4,C2L-h-REL1-DF,6029003137,REL,REL1,C2L,HC,C2L-HC-REL1
485,35.3024984,-119.0250417,360,1838.8,C2L-m-REL1-DF,6029003137,REL,REL1,C2L,MC,C2L-MC-REL1
486,35.3024984,-119.0250417,360,919.4,PC2L-h-REL1-DF,6029003137,REL,REL1,PC2L,HC,PC2L-HC-REL1
487,35.3024984,-119.0250417,360,919.4,RM2L-h-REL1-DF,6029003137,REL,REL1,RM2L,HC,RM2L-HC-REL1
488,35.3024984,-119.0250417,360,137223.7,W1-h-RES1-DF,6029003137,RES,RES1,W1,HC,W1-HC-RES1
489,35.3024984,-119.0250417,360,32188.28,W1-m-RES1-DF,6029003137,RES,RES1,W1,MC,W1-MC-RES1
490,35.3024984,-119.0250417,360,103,MH-h-RES2-DF,6029003137,RES,RES2,MH,HC,MH-HC-RES2
491,35.3024984,-119.0250417,360,244.86,C2L-h-RES3AF-DF,6029003137,RES,RES3A,C2L,HC,C2L-HC-RES3
492,35.3024984,-119.0250417,360,530.53,RM1L-h-RES3AF-DF,6029003137,RES,RES3A,RM1L,HC,RM1L-HC-RES3
493,35.3024984,-119.0250417,360,244.86,S3-h-RES3AF-DF,6029003137,RES,RES3A,S3,HC,S3-HC-RES3
494,35.3024984,-119.0250417,360,3060.75,W1-h-RES3AF-DF,6029003137,RES,RES3A,W1,HC,W1-HC-RES3
495,35.3024984,-119.0250417,360,2071.618,C2L-h-RES3AF-DF,6029003137,RES,RES3B,C2L,HC,C2L-HC-RES3
496,35.3024984,-119.0250417,360,309.5521,PC2L-h-RES3AF-DF,6029003137,RES,RES3B,PC2L,HC,PC2L-HC-RES3
497,35.3024984,-119.0250417,360,1948.23,RM1L-h-RES3AF-DF,6029003137,RES,RES3B,RM1L,HC,RM1L-HC-RES3
498,35.3024984,-119.0250417,360,285.7404,S3-h-RES3AF-DF,6029003137,RES,RES3B,S3,HC,S3-HC-RES3
499,35.3024984,-119.0250417,360,580.1396,S4L-h-RES3AF-DF,6029003137,RES,RES3B,S4L,HC,S4L-HC-RES3
500,35.3024984,-119.0250417,360,16451.72,W1-h-RES3AF-DF,6029003137,RES,RES3B,W1,HC,W1-HC-RES3
