AssetID,Latitude,Longitude,Vs30,Value,Vulnerability,censusTract,occType,occupancy,strType,designLevel,ExpectedLoss
"0",38.294914,-122.050643,360,174.50,"S1L-h-AGR1-DF","6095252311","AGR","AGR1","S1L","HC",NaN
"1",38.294914,-122.050643,360,174.50,"W1-h-AGR1-DF","6095252311","AGR","AGR1","W1","HC",NaN
"2",38.294914,-122.050643,360,151.19,"C2L-h-COM1-DF","6095252311","COM","COM1","C2L","HC",NaN
"3",38.294914,-122.050643,360,145.38,"RM1L-h-COM1-DF","6095252311","COM","COM1","RM1L","HC",NaN
"4",38.294914,-122.050643,360,436.13,"RM2L-h-COM1-DF","6095252311","COM","COM1","RM2L","HC",NaN
"5",38.294914,-122.050643,360,430.31,"W1-h-COM1-DF","6095252311","COM","COM1","W1","HC",NaN
"6",38.294914,-122.050643,360,2403.29,"RM2L-h-COM2-DF","6095252311","COM","COM2","RM2L","HC",NaN
"7",38.294914,-122.050643,360,1183.71,"S3-h-COM2-DF","6095252311","COM","COM2","S3","HC",NaN
"8",38.294914,-122.050643,360,190.23,"C2L-h-COM3-DF","6095252311","COM","COM3","C2L","HC",NaN
"9",38.294914,-122.050643,360,184.64,"PC1-h-COM3-DF","6095252311","COM","COM3","PC1","HC",NaN
"10",38.294914,-122.050643,360,184.64,"PC2L-h-COM3-DF","6095252311","COM","COM3","PC2L","HC",NaN
"11",38.294914,-122.050643,360,186.50,"S3-h-COM3-DF","6095252311","COM","COM3","S3","HC",NaN
"12",38.294914,-122.050643,360,1094.46,"C1L-h-COM4-DF","6095252311","COM","COM4","C1L","HC",NaN
"13",38.294914,-122.050643,360,1062.27,"PC1-h-COM4-DF","6095252311","COM","COM4","PC1","HC",NaN
"14",38.294914,-122.050643,360,1062.27,"PC2L-h-COM4-DF","6095252311","COM","COM4","PC2L","HC",NaN
"15",38.294914,-122.050643,360,1086.41,"RM1L-h-COM4-DF","6095252311","COM","COM4","RM1L","HC",NaN
"16",38.294914,-122.050643,360,3259.24,"RM2L-h-COM4-DF","6095252311","COM","COM4","RM2L","HC",NaN
"17",38.294914,-122.050643,360,1046.18,"S1L-h-COM4-DF","6095252311","COM","COM4","S1L","HC",NaN
"18",38.294914,-122.050643,360,1046.18,"S2L-h-COM4-DF","6095252311","COM","COM4","S2L","HC",NaN
"19",38.294914,-122.050643,360,3219.00,"W1-h-COM4-DF","6095252311","COM","COM4","W1","HC",NaN
"20",38.294914,-122.050643,360,3219.00,"W2-h-COM4-DF","6095252311","COM","COM4","W2","HC",NaN
"21",38.294914,-122.050643,360,2204.58,"C2L-h-COM7-DF","6095252311","COM","COM7","C2L","HC",NaN
"22",38.294914,-122.050643,360,1469.72,"RM1L-h-COM7-DF","6095252311","COM","COM7","RM1L","HC",NaN
"23",38.294914,-122.050643,360,734.86,"S1L-h-COM7-DF","6095252311","COM","COM7","S1L","HC",NaN
"24",38.294914,-122.050643,360,6088.84,"W1-h-COM7-DF","6095252311","COM","COM7","W1","HC",NaN
"25",38.294914,-122.050643,360,325.00,"RM2L-h-COM8-DF","6095252311","COM","COM8","RM2L","HC",NaN
"26",38.294914,-122.050643,360,36211.00,"W2-h-EDU1-DF","6095252311","EDU","EDU1","W2","HS",NaN
"27",38.294914,-122.050643,360,296.00,"W1-h-GOV1-DF","6095252311","GOV","GOV1","W1","HC",NaN
"28",38.294914,-122.050643,360,810.90,"PC1-h-IND6-DF","6095252311","IND","IND6","PC1","HC",NaN
"29",38.294914,-122.050643,360,399.40,"PC2L-h-IND6-DF","6095252311","IND","IND6","PC2L","HC",NaN
"30",38.294914,-122.050643,360,414.05,"RM1L-h-IND6-DF","6095252311","IND","IND6","RM1L","HC",NaN
"31",38.294914,-122.050643,360,796.25,"S3-h-IND6-DF","6095252311","IND","IND6","S3","HC",NaN
"32",38.294914,-122.050643,360,764.40,"W1-h-IND6-DF","6095252311","IND","IND6","W1","HC",NaN
"33",38.294914,-122.050643,360,339.00,"C2L-h-REL1-DF","6095252311","REL","REL1","C2L","HC",NaN
"34",38.294914,-122.050643,360,836051.10,"W1-h-RES1-DF","6095252311","RES","RES1","W1","HC",NaN
"35",38.294914,-122.050643,360,8444.96,"W1-m-RES1-DF","6095252311","RES","RES1","W1","MC",NaN
"36",38.294914,-122.050643,360,4818.30,"PC2L-h-RES3AF-DF","6095252311","RES","RES3D","PC2L","HC",NaN
"37",38.294914,-122.050643,360,43364.70,"W2-h-RES3AF-DF","6095252311","RES","RES3D","W2","HC",NaN
"38",38.294914,-122.050643,360,5258.76,"C2L-h-RES3AF-DF","6095252311","RES","RES3E","C2L","HC",NaN
"39",38.294914,-122.050643,360,5258.76,"S3-h-RES3AF-DF","6095252311","RES","RES3E","S3","HC",NaN
"40",38.294914,-122.050643,360,29934.48,"W2-h-RES3AF-DF","6095252311","RES","RES3E","W2","HC",NaN
"41",33.680603,-117.281120,360,299.00,"W1-h-AGR1-DF","6065042748","AGR","AGR1","W1","HC",NaN
"42",33.680603,-117.281120,360,529.25,"RM1L-h-COM1-DF","6065042748","COM","COM1","RM1L","HC",NaN
"43",33.680603,-117.281120,360,529.25,"RM2L-h-COM1-DF","6065042748","COM","COM1","RM2L","HC",NaN
"44",33.680603,-117.281120,360,529.25,"W1-h-COM1-DF","6065042748","COM","COM1","W1","HC",NaN
"45",33.680603,-117.281120,360,529.25,"W2-h-COM1-DF","6065042748","COM","COM1","W2","HC",NaN
"46",33.680603,-117.281120,360,1840.00,"W1-h-COM2-DF","6065042748","COM","COM2","W1","HC",NaN
"47",33.680603,-117.281120,360,450.38,"RM2L-h-COM3-DF","6065042748","COM","COM3","RM2L","HC",NaN
"48",33.680603,-117.281120,360,2766.62,"W1-h-COM3-DF","6065042748","COM","COM3","W1","HC",NaN
"49",33.680603,-117.281120,360,18190.26,"W1-h-COM4-DF","6065042748","COM","COM4","W1","HC",NaN
"50",33.680603,-117.281120,360,1378.05,"W1-m-COM4-DF","6065042748","COM","COM4","W1","MC",NaN
"51",33.680603,-117.281120,360,7992.69,"W2-h-COM4-DF","6065042748","COM","COM4","W2","HC",NaN
"52",33.680603,-117.281120,360,1643.00,"W1-h-COM5-DF","6065042748","COM","COM5","W1","HC",NaN
"53",33.680603,-117.281120,360,2235.00,"W1-h-COM7-DF","6065042748","COM","COM7","W1","HC",NaN
"54",33.680603,-117.281120,360,1419.00,"S2L-h-COM8-DF","6065042748","COM","COM8","S2L","HC",NaN
"55",33.680603,-117.281120,360,1419.00,"W2-h-COM8-DF","6065042748","COM","COM8","W2","HC",NaN
"56",33.680603,-117.281120,360,191.00,"S3-h-GOV1-DF","6065042748","GOV","GOV1","S3","HC",NaN
"57",33.680603,-117.281120,360,379.00,"W1-h-IND1-DF","6065042748","IND","IND1","W1","HC",NaN
"58",33.680603,-117.281120,360,250.00,"W1-h-IND2-DF","6065042748","IND","IND2","W1","HC",NaN
"59",33.680603,-117.281120,360,975.00,"W1-h-IND3-DF","6065042748","IND","IND3","W1","HC",NaN
"60",33.680603,-117.281120,360,500.00,"W1-h-IND4-DF","6065042748","IND","IND4","W1","HC",NaN
"61",33.680603,-117.281120,360,5039.00,"W1-h-IND6-DF","6065042748","IND","IND6","W1","HC",NaN
"62",33.680603,-117.281120,360,1000882.00,"W1-h-RES1-DF","6065042748","RES","RES1","W1","HC",NaN
"63",33.680603,-117.281120,360,52678.00,"W1-m-RES1-DF","6065042748","RES","RES1","W1","MC",NaN
"64",33.680603,-117.281120,360,1987.00,"MH-m-RES2-DF","6065042748","RES","RES2","MH","MC",NaN
"65",33.680603,-117.281120,360,899.00,"W1-m-RES3AF-DF","6065042748","RES","RES3A","W1","MC",NaN
"66",33.680603,-117.281120,360,3888.00,"W1-h-RES3AF-DF","6065042748","RES","RES3D","W1","HC",NaN
"67",39.263444,-121.506255,360,887.51,"C2L-m-AGR1-DF","6115041001","AGR","AGR1","C2L","MC",NaN
"68",39.263444,-121.506255,360,887.51,"PC1-m-AGR1-DF","6115041001","AGR","AGR1","PC1","MC",NaN
"69",39.263444,-121.506255,360,921.65,"RM1L-m-AGR1-DF","6115041001","AGR","AGR1","RM1L","MC",NaN
"70",39.263444,-121.506255,360,1843.29,"RM2L-m-AGR1-DF","6115041001","AGR","AGR1","RM2L","MC",NaN
"71",39.263444,-121.506255,360,901.16,"S1L-m-AGR1-DF","6115041001","AGR","AGR1","S1L","MC",NaN
"72",39.263444,-121.506255,360,1829.64,"S3-m-AGR1-DF","6115041001","AGR","AGR1","S3","MC",NaN
"73",39.263444,-121.506255,360,921.65,"URML-p-AGR1-DF","6115041001","AGR","AGR1","URML","PC",NaN
"74",39.263444,-121.506255,360,928.47,"W1-l-AGR1-DF","6115041001","AGR","AGR1","W1","LC",NaN
"75",39.263444,-121.506255,360,3604.66,"W1-m-AGR1-DF","6115041001","AGR","AGR1","W1","MC",NaN
"76",39.263444,-121.506255,360,928.47,"W2-m-AGR1-DF","6115041001","AGR","AGR1","W2","MC",NaN
"77",39.263444,-121.506255,360,7230.38,"C2L-m-COM1-DF","6115041001","COM","COM1","C2L","MC",NaN
"78",39.263444,-121.506255,360,2508.50,"C2L-p-COM1-DF","6115041001","COM","COM1","C2L","PC",NaN
"79",39.263444,-121.506255,360,2508.50,"PC1-m-COM1-DF","6115041001","COM","COM1","PC1","MC",NaN
"80",39.263444,-121.506255,360,2508.50,"PC2L-m-COM1-DF","6115041001","COM","COM1","PC2L","MC",NaN
"81",39.263444,-121.506255,360,2450.16,"RM1L-m-COM1-DF","6115041001","COM","COM1","RM1L","MC",NaN
"82",39.263444,-121.506255,360,2378.10,"RM2L-m-COM1-DF","6115041001","COM","COM1","RM2L","MC",NaN
"83",39.263444,-121.506255,360,2402.12,"S3-m-COM1-DF","6115041001","COM","COM1","S3","MC",NaN
"84",39.263444,-121.506255,360,2378.10,"URML-p-COM1-DF","6115041001","COM","COM1","URML","PC",NaN
"85",39.263444,-121.506255,360,2487.91,"W1-m-COM1-DF","6115041001","COM","COM1","W1","MC",NaN
"86",39.263444,-121.506255,360,7463.73,"W2-m-COM1-DF","6115041001","COM","COM1","W2","MC",NaN
"87",39.263444,-121.506255,360,3385.60,"C2L-m-COM2-DF","6115041001","COM","COM2","C2L","MC",NaN
"88",39.263444,-121.506255,360,3310.36,"PC1-m-COM2-DF","6115041001","COM","COM2","PC1","MC",NaN
"89",39.263444,-121.506255,360,827.59,"PC1-p-COM2-DF","6115041001","COM","COM2","PC1","PC",NaN
"90",39.263444,-121.506255,360,852.67,"RM1L-m-COM2-DF","6115041001","COM","COM2","RM1L","MC",NaN
"91",39.263444,-121.506255,360,3310.36,"RM2L-m-COM2-DF","6115041001","COM","COM2","RM2L","MC",NaN
"92",39.263444,-121.506255,360,835.95,"S1L-m-COM2-DF","6115041001","COM","COM2","S1L","MC",NaN
"93",39.263444,-121.506255,360,1671.90,"S2L-m-COM2-DF","6115041001","COM","COM2","S2L","MC",NaN
"94",39.263444,-121.506255,360,835.95,"S3-m-COM2-DF","6115041001","COM","COM2","S3","MC",NaN
"95",39.263444,-121.506255,360,852.67,"URML-p-COM2-DF","6115041001","COM","COM2","URML","PC",NaN
"96",39.263444,-121.506255,360,835.95,"W1-m-COM2-DF","6115041001","COM","COM2","W1","MC",NaN
"97",39.263444,-121.506255,360,1331.30,"C2L-m-COM3-DF","6115041001","COM","COM3","C2L","MC",NaN
"98",39.263444,-121.506255,360,655.72,"PC1-m-COM3-DF","6115041001","COM","COM3","PC1","MC",NaN
"99",39.263444,-121.506255,360,1331.30,"RM1L-m-COM3-DF","6115041001","COM","COM3","RM1L","MC",NaN
"100",39.263444,-121.506255,360,655.72,"RM2L-m-COM3-DF","6115041001","COM","COM3","RM2L","MC",NaN
"101",39.263444,-121.506255,360,1254.96,"W1-m-COM3-DF","6115041001","COM","COM3","W1","MC",NaN
"102",39.263444,-121.506255,360,1260.69,"C1L-m-COM4-DF","6115041001","COM","COM4","C1L","MC",NaN
"103",39.263444,-121.506255,360,3782.06,"C2L-m-COM4-DF","6115041001","COM","COM4","C2L","MC",NaN
"104",39.263444,-121.506255,360,1260.69,"PC1-m-COM4-DF","6115041001","COM","COM4","PC1","MC",NaN
"105",39.263444,-121.506255,360,4991.18,"RM1L-m-COM4-DF","6115041001","COM","COM4","RM1L","MC",NaN
"106",39.263444,-121.506255,360,2458.34,"RM2L-m-COM4-DF","6115041001","COM","COM4","RM2L","MC",NaN
"107",39.263444,-121.506255,360,9982.36,"W1-m-COM4-DF","6115041001","COM","COM4","W1","MC",NaN
"108",39.263444,-121.506255,360,4916.68,"W2-m-COM4-DF","6115041001","COM","COM4","W2","MC",NaN
"109",39.263444,-121.506255,360,1362.00,"S2L-m-COM5-DF","6115041001","COM","COM5","S2L","MC",NaN
"110",39.263444,-121.506255,360,1362.00,"W2-m-COM5-DF","6115041001","COM","COM5","W2","MC",NaN
"111",39.263444,-121.506255,360,829.00,"S4L-m-COM7-DF","6115041001","COM","COM7","S4L","MC",NaN
"112",39.263444,-121.506255,360,2111.67,"C2L-m-COM8-DF","6115041001","COM","COM8","C2L","MC",NaN
"113",39.263444,-121.506255,360,1055.84,"RM1L-m-COM8-DF","6115041001","COM","COM8","RM1L","MC",NaN
"114",39.263444,-121.506255,360,1055.84,"RM2L-m-COM8-DF","6115041001","COM","COM8","RM2L","MC",NaN
"115",39.263444,-121.506255,360,1087.83,"S1L-m-COM8-DF","6115041001","COM","COM8","S1L","MC",NaN
"116",39.263444,-121.506255,360,1087.83,"S4L-m-COM8-DF","6115041001","COM","COM8","S4L","MC",NaN
"117",39.263444,-121.506255,360,5580.00,"S2L-m-EDU1-DF","6115041001","EDU","EDU1","S2L","MS",NaN
"118",39.263444,-121.506255,360,5580.00,"W2-m-EDU1-DF","6115041001","EDU","EDU1","W2","MS",NaN
"119",39.263444,-121.506255,360,4313.00,"C2L-m-IND1-DF","6115041001","IND","IND1","C2L","MC",NaN
"120",39.263444,-121.506255,360,5542.90,"PC1-m-IND2-DF","6115041001","IND","IND2","PC1","MC",NaN
"121",39.263444,-121.506255,360,2730.08,"PC2L-m-IND2-DF","6115041001","IND","IND2","PC2L","MC",NaN
"122",39.263444,-121.506255,360,5442.75,"RM1L-m-IND2-DF","6115041001","IND","IND2","RM1L","MC",NaN
"123",39.263444,-121.506255,360,2658.24,"S1L-m-IND2-DF","6115041001","IND","IND2","S1L","MC",NaN
"124",39.263444,-121.506255,360,2738.79,"S3-m-IND2-DF","6115041001","IND","IND2","S3","MC",NaN
"125",39.263444,-121.506255,360,2658.24,"S4L-m-IND2-DF","6115041001","IND","IND2","S4L","MC",NaN
"126",39.263444,-121.506255,360,4625.38,"C1L-m-IND3-DF","6115041001","IND","IND3","C1L","MC",NaN
"127",39.263444,-121.506255,360,43170.17,"C2L-m-IND3-DF","6115041001","IND","IND3","C2L","MC",NaN
"128",39.263444,-121.506255,360,80173.17,"PC1-m-IND3-DF","6115041001","IND","IND3","PC1","MC",NaN
"129",39.263444,-121.506255,360,26210.46,"PC2L-m-IND3-DF","6115041001","IND","IND3","PC2L","MC",NaN
"130",39.263444,-121.506255,360,37117.21,"RM1L-m-IND3-DF","6115041001","IND","IND3","RM1L","MC",NaN
"131",39.263444,-121.506255,360,5139.31,"S1L-l-IND3-DF","6115041001","IND","IND3","S1L","LC",NaN
"132",39.263444,-121.506255,360,27409.63,"S1L-m-IND3-DF","6115041001","IND","IND3","S1L","MC",NaN
"133",39.263444,-121.506255,360,26553.08,"S2L-m-IND3-DF","6115041001","IND","IND3","S2L","MC",NaN
"134",39.263444,-121.506255,360,16274.47,"S3-m-IND3-DF","6115041001","IND","IND3","S3","MC",NaN
"135",39.263444,-121.506255,360,5139.31,"S4L-l-IND3-DF","6115041001","IND","IND3","S4L","LC",NaN
"136",39.263444,-121.506255,360,5139.31,"S4L-m-IND3-DF","6115041001","IND","IND3","S4L","MC",NaN
"137",39.263444,-121.506255,360,4282.76,"W1-m-IND3-DF","6115041001","IND","IND3","W1","MC",NaN
"138",39.263444,-121.506255,360,4282.76,"W2-m-IND3-DF","6115041001","IND","IND3","W2","MC",NaN
"139",39.263444,-121.506255,360,2196.00,"W1-m-IND5-DF","6115041001","IND","IND5","W1","MC",NaN
"140",39.263444,-121.506255,360,1691.45,"C2L-m-IND6-DF","6115041001","IND","IND6","C2L","MC",NaN
"141",39.263444,-121.506255,360,2562.80,"PC1-m-IND6-DF","6115041001","IND","IND6","PC1","MC",NaN
"142",39.263444,-121.506255,360,871.35,"PC2L-m-IND6-DF","6115041001","IND","IND6","PC2L","MC",NaN
"143",39.263444,-121.506255,360,834.40,"RM1L-m-IND6-DF","6115041001","IND","IND6","RM1L","MC",NaN
"144",39.263444,-121.506255,360,1668.80,"S3-m-IND6-DF","6115041001","IND","IND6","S3","MC",NaN
"145",39.263444,-121.506255,360,3432.96,"W1-m-IND6-DF","6115041001","IND","IND6","W1","MC",NaN
"146",39.263444,-121.506255,360,858.24,"W2-m-IND6-DF","6115041001","IND","IND6","W2","MC",NaN
"147",39.263444,-121.506255,360,1553.64,"PC1-m-REL1-DF","6115041001","REL","REL1","PC1","MC",NaN
"148",39.263444,-121.506255,360,1553.64,"S3-m-REL1-DF","6115041001","REL","REL1","S3","MC",NaN
"149",39.263444,-121.506255,360,1600.72,"W2-m-REL1-DF","6115041001","REL","REL1","W2","MC",NaN
"150",39.263444,-121.506255,360,29983.68,"W1-l-RES1-DF","6115041001","RES","RES1","W1","LC",NaN
"151",39.263444,-121.506255,360,299836.80,"W1-m-RES1-DF","6115041001","RES","RES1","W1","MC",NaN
"152",39.263444,-121.506255,360,3331.52,"W2-m-RES1-DF","6115041001","RES","RES1","W2","MC",NaN
"153",39.263444,-121.506255,360,1311.72,"MH-l-RES2-DF","6115041001","RES","RES2","MH","LC",NaN
"154",39.263444,-121.506255,360,41975.04,"MH-m-RES2-DF","6115041001","RES","RES2","MH","MC",NaN
"155",39.263444,-121.506255,360,437.24,"MH-p-RES2-DF","6115041001","RES","RES2","MH","PC",NaN
"156",39.263444,-121.506255,360,2678.93,"C2L-m-RES3AF-DF","6115041001","RES","RES3A","C2L","MC",NaN
"157",39.263444,-121.506255,360,400.30,"PC2L-m-RES3AF-DF","6115041001","RES","RES3A","PC2L","MC",NaN
"158",39.263444,-121.506255,360,1319.67,"RM1L-m-RES3AF-DF","6115041001","RES","RES3A","RM1L","MC",NaN
"159",39.263444,-121.506255,360,870.98,"S1L-m-RES3AF-DF","6115041001","RES","RES3A","S1L","MC",NaN
"160",39.263444,-121.506255,360,1319.67,"S3-m-RES3AF-DF","6115041001","RES","RES3A","S3","MC",NaN
"161",39.263444,-121.506255,360,448.69,"S4L-m-RES3AF-DF","6115041001","RES","RES3A","S4L","MC",NaN
"162",39.263444,-121.506255,360,3695.08,"W1-l-RES3AF-DF","6115041001","RES","RES3A","W1","LC",NaN
"163",39.263444,-121.506255,360,30669.13,"W1-m-RES3AF-DF","6115041001","RES","RES3A","W1","MC",NaN
"164",39.263444,-121.506255,360,2586.55,"W2-m-RES3AF-DF","6115041001","RES","RES3A","W2","MC",NaN
"165",39.263444,-121.506255,360,727.77,"C2L-m-RES3AF-DF","6115041001","RES","RES3B","C2L","MC",NaN
"166",39.263444,-121.506255,360,727.77,"S4L-m-RES3AF-DF","6115041001","RES","RES3B","S4L","MC",NaN
"167",39.263444,-121.506255,360,1412.73,"W1-m-RES3AF-DF","6115041001","RES","RES3B","W1","MC",NaN
"168",39.263444,-121.506255,360,1412.73,"W2-m-RES3AF-DF","6115041001","RES","RES3B","W2","MC",NaN
"169",39.263444,-121.506255,360,1284.00,"W1-m-RES3AF-DF","6115041001","RES","RES3C","W1","MC",NaN
"170",39.263444,-121.506255,360,8319.00,"RM1L-m-RES3AF-DF","6115041001","RES","RES3D","RM1L","MC",NaN
"171",39.263444,-121.506255,360,4117.00,"RM1L-m-RES6-DF","6115041001","RES","RES6","RM1L","MC",NaN
"172",39.263444,-121.506255,360,8234.00,"W1-m-RES6-DF","6115041001","RES","RES6","W1","MC",NaN
"173",39.263444,-121.506255,360,8234.00,"W2-m-RES6-DF","6115041001","RES","RES6","W2","MC",NaN
"174",37.581460,-122.389797,360,1904.56,"C2L-m-COM1-DF","6081605000","COM","COM1","C2L","MC",NaN
"175",37.581460,-122.389797,360,952.28,"C2M-m-COM1-DF","6081605000","COM","COM1","C2M","MC",NaN
"176",37.581460,-122.389797,360,952.28,"PC1-m-COM1-DF","6081605000","COM","COM1","PC1","MC",NaN
"177",37.581460,-122.389797,360,1455.37,"RM1L-m-COM1-DF","6081605000","COM","COM1","RM1L","MC",NaN
"178",37.581460,-122.389797,360,485.12,"RM2L-m-COM1-DF","6081605000","COM","COM1","RM2L","MC",NaN
"179",37.581460,-122.389797,360,963.06,"W1-m-COM1-DF","6081605000","COM","COM1","W1","MC",NaN
"180",37.581460,-122.389797,360,474.34,"W2-m-COM1-DF","6081605000","COM","COM1","W2","MC",NaN
"181",37.581460,-122.389797,360,102.00,"C2L-m-COM10-DF","6081605000","COM","COM10","C2L","MC",NaN
"182",37.581460,-122.389797,360,102.00,"S4L-m-COM10-DF","6081605000","COM","COM10","S4L","MC",NaN
"183",37.581460,-122.389797,360,671.36,"C2L-m-COM2-DF","6081605000","COM","COM2","C2L","MC",NaN
"184",37.581460,-122.389797,360,671.36,"C2L-p-COM2-DF","6081605000","COM","COM2","C2L","PC",NaN
"185",37.581460,-122.389797,360,671.36,"C2M-m-COM2-DF","6081605000","COM","COM2","C2M","MC",NaN
"186",37.581460,-122.389797,360,2109.99,"PC1-m-COM2-DF","6081605000","COM","COM2","PC1","MC",NaN
"187",37.581460,-122.389797,360,671.36,"PC1-h-COM2-DF","6081605000","COM","COM2","PC1","VC",NaN
"188",37.581460,-122.389797,360,682.11,"RM2L-m-COM2-DF","6081605000","COM","COM2","RM2L","MC",NaN
"189",37.581460,-122.389797,360,1384.89,"RM2M-m-COM2-DF","6081605000","COM","COM2","RM2M","MC",NaN
"190",37.581460,-122.389797,360,661.44,"S4L-m-COM2-DF","6081605000","COM","COM2","S4L","MC",NaN
"191",37.581460,-122.389797,360,744.12,"W1-m-COM2-DF","6081605000","COM","COM2","W1","MC",NaN
"192",37.581460,-122.389797,360,6866.25,"C2L-m-COM3-DF","6081605000","COM","COM3","C2L","MC",NaN
"193",37.581460,-122.389797,360,6866.25,"C2M-m-COM3-DF","6081605000","COM","COM3","C2M","MC",NaN
"194",37.581460,-122.389797,360,11581.08,"RM1L-m-COM3-DF","6081605000","COM","COM3","RM1L","MC",NaN
"195",37.581460,-122.389797,360,11329.31,"RM2L-m-COM3-DF","6081605000","COM","COM3","RM2L","MC",NaN
"196",37.581460,-122.389797,360,2265.86,"RM2M-m-COM3-DF","6081605000","COM","COM3","RM2M","MC",NaN
"197",37.581460,-122.389797,360,2288.75,"S1L-m-COM3-DF","6081605000","COM","COM3","S1L","MC",NaN
"198",37.581460,-122.389797,360,2288.75,"S1M-m-COM3-DF","6081605000","COM","COM3","S1M","MC",NaN
"199",37.581460,-122.389797,360,2288.75,"W1-m-COM3-DF","6081605000","COM","COM3","W1","MC",NaN
"200",37.581460,-122.389797,360,1826.94,"C1M-m-COM4-DF","6081605000","COM","COM4","C1M","MC",NaN
"201",37.581460,-122.389797,360,913.47,"C2L-h-COM4-DF","6081605000","COM","COM4","C2L","HC",NaN
"202",37.581460,-122.389797,360,5176.34,"C2L-m-COM4-DF","6081605000","COM","COM4","C2L","MC",NaN
"203",37.581460,-122.389797,360,913.47,"C2L-h-COM4-DF","6081605000","COM","COM4","C2L","VC",NaN
"204",37.581460,-122.389797,360,2740.41,"C2M-m-COM4-DF","6081605000","COM","COM4","C2M","MC",NaN
"205",37.581460,-122.389797,360,3653.89,"PC1-m-COM4-DF","6081605000","COM","COM4","PC1","MC",NaN
"206",37.581460,-122.389797,360,2686.68,"RM1L-m-COM4-DF","6081605000","COM","COM4","RM1L","MC",NaN
"207",37.581460,-122.389797,360,859.74,"RM1M-m-COM4-DF","6081605000","COM","COM4","RM1M","MC",NaN
"208",37.581460,-122.389797,360,4513.62,"RM2L-m-COM4-DF","6081605000","COM","COM4","RM2L","MC",NaN
"209",37.581460,-122.389797,360,895.56,"S1M-m-COM4-DF","6081605000","COM","COM4","S1M","MC",NaN
"210",37.581460,-122.389797,360,895.56,"S3-m-COM4-DF","6081605000","COM","COM4","S3","MC",NaN
"211",37.581460,-122.389797,360,895.56,"S4L-h-COM4-DF","6081605000","COM","COM4","S4L","VC",NaN
"212",37.581460,-122.389797,360,1791.12,"S4M-m-COM4-DF","6081605000","COM","COM4","S4M","MC",NaN
"213",37.581460,-122.389797,360,2686.68,"URML-p-COM4-DF","6081605000","COM","COM4","URML","PC",NaN
"214",37.581460,-122.389797,360,859.74,"W1-h-COM4-DF","6081605000","COM","COM4","W1","HC",NaN
"215",37.581460,-122.389797,360,9027.25,"W1-m-COM4-DF","6081605000","COM","COM4","W1","MC",NaN
"216",37.581460,-122.389797,360,859.74,"W1-h-COM4-DF","6081605000","COM","COM4","W1","VC",NaN
"217",37.581460,-122.389797,360,3582.24,"W2-m-COM4-DF","6081605000","COM","COM4","W2","MC",NaN
"218",37.581460,-122.389797,360,1851.47,"C2M-m-COM5-DF","6081605000","COM","COM5","C2M","MC",NaN
"219",37.581460,-122.389797,360,1851.47,"RM1L-m-COM5-DF","6081605000","COM","COM5","RM1L","MC",NaN
"220",37.581460,-122.389797,360,1851.47,"S1M-m-COM5-DF","6081605000","COM","COM5","S1M","MC",NaN
"221",37.581460,-122.389797,360,5336.59,"W1-m-COM5-DF","6081605000","COM","COM5","W1","MC",NaN
"222",37.581460,-122.389797,360,64428.38,"C2L-m-COM6-DF","6081605000","COM","COM6","C2L","MS",NaN
"223",37.581460,-122.389797,360,64428.38,"C2M-m-COM6-DF","6081605000","COM","COM6","C2M","MS",NaN
"224",37.581460,-122.389797,360,130809.10,"RM1L-m-COM6-DF","6081605000","COM","COM6","RM1L","MS",NaN
"225",37.581460,-122.389797,360,64428.38,"RM2L-m-COM6-DF","6081605000","COM","COM6","RM2L","MS",NaN
"226",37.581460,-122.389797,360,66380.75,"W2-m-COM6-DF","6081605000","COM","COM6","W2","MS",NaN
"227",37.581460,-122.389797,360,3961.56,"C1M-m-COM7-DF","6081605000","COM","COM7","C1M","MC",NaN
"228",37.581460,-122.389797,360,7626.00,"RM1L-m-COM7-DF","6081605000","COM","COM7","RM1L","MC",NaN
"229",37.581460,-122.389797,360,3928.55,"RM1M-m-COM7-DF","6081605000","COM","COM7","RM1M","MC",NaN
"230",37.581460,-122.389797,360,11554.55,"RM2M-m-COM7-DF","6081605000","COM","COM7","RM2M","MC",NaN
"231",37.581460,-122.389797,360,4040.79,"S2L-m-COM7-DF","6081605000","COM","COM7","S2L","MC",NaN
"232",37.581460,-122.389797,360,3921.94,"S3-p-COM7-DF","6081605000","COM","COM7","S3","PC",NaN
"233",37.581460,-122.389797,360,3921.94,"S4M-m-COM7-DF","6081605000","COM","COM7","S4M","MC",NaN
"234",37.581460,-122.389797,360,23280.77,"W1-m-COM7-DF","6081605000","COM","COM7","W1","MC",NaN
"235",37.581460,-122.389797,360,3789.89,"W2-m-COM7-DF","6081605000","COM","COM7","W2","MC",NaN
"236",37.581460,-122.389797,360,2120.60,"C2L-m-COM8-DF","6081605000","COM","COM8","C2L","MC",NaN
"237",37.581460,-122.389797,360,2120.60,"RM2L-m-COM8-DF","6081605000","COM","COM8","RM2L","MC",NaN
"238",37.581460,-122.389797,360,2163.01,"S2L-m-COM8-DF","6081605000","COM","COM8","S2L","MC",NaN
"239",37.581460,-122.389797,360,2099.39,"S4L-h-COM8-DF","6081605000","COM","COM8","S4L","HC",NaN
"240",37.581460,-122.389797,360,2099.39,"S4L-m-COM8-DF","6081605000","COM","COM8","S4L","MC",NaN
"241",37.581460,-122.389797,360,9207.77,"C2L-m-EDU1-DF","6081605000","EDU","EDU1","C2L","MS",NaN
"242",37.581460,-122.389797,360,9207.77,"PC1-m-EDU1-DF","6081605000","EDU","EDU1","PC1","MS",NaN
"243",37.581460,-122.389797,360,27623.31,"RM1L-m-EDU1-DF","6081605000","EDU","EDU1","RM1L","MS",NaN
"244",37.581460,-122.389797,360,9207.77,"S2L-m-EDU1-DF","6081605000","EDU","EDU1","S2L","MS",NaN
"245",37.581460,-122.389797,360,9207.77,"S4L-m-EDU1-DF","6081605000","EDU","EDU1","S4L","MS",NaN
"246",37.581460,-122.389797,360,19252.61,"W2-m-EDU1-DF","6081605000","EDU","EDU1","W2","MS",NaN
"247",37.581460,-122.389797,360,187.00,"S1M-m-GOV1-DF","6081605000","GOV","GOV1","S1M","MC",NaN
"248",37.581460,-122.389797,360,187.00,"W1-m-GOV1-DF","6081605000","GOV","GOV1","W1","MC",NaN
"249",37.581460,-122.389797,360,5402.00,"RM1L-m-GOV2-DF","6081605000","GOV","GOV2","RM1L","MS",NaN
"250",37.581460,-122.389797,360,359.00,"C1L-m-IND1-DF","6081605000","IND","IND1","C1L","MC",NaN
"251",37.581460,-122.389797,360,1327.25,"PC2L-m-IND2-DF","6081605000","IND","IND2","PC2L","MC",NaN
"252",37.581460,-122.389797,360,1353.80,"S3-m-IND2-DF","6081605000","IND","IND2","S3","MC",NaN
"253",37.581460,-122.389797,360,1313.98,"S4L-m-IND2-DF","6081605000","IND","IND2","S4L","MC",NaN
"254",37.581460,-122.389797,360,1313.98,"S5L-p-IND2-DF","6081605000","IND","IND2","S5L","PC",NaN
"255",37.581460,-122.389797,360,2080.88,"C2L-m-IND5-DF","6081605000","IND","IND5","C2L","MC",NaN
"256",37.581460,-122.389797,360,6242.63,"PC1-m-IND5-DF","6081605000","IND","IND5","PC1","MC",NaN
"257",37.581460,-122.389797,360,2164.11,"RM2L-m-IND5-DF","6081605000","IND","IND5","RM2L","MC",NaN
"258",37.581460,-122.389797,360,2032.60,"S2L-m-IND5-DF","6081605000","IND","IND5","S2L","MC",NaN
"259",37.581460,-122.389797,360,2032.60,"S2M-m-IND5-DF","6081605000","IND","IND5","S2M","MC",NaN
"260",37.581460,-122.389797,360,2094.19,"S3-m-IND5-DF","6081605000","IND","IND5","S3","MC",NaN
"261",37.581460,-122.389797,360,434.19,"C2L-p-IND6-DF","6081605000","IND","IND6","C2L","PC",NaN
"262",37.581460,-122.389797,360,434.19,"C2L-h-IND6-DF","6081605000","IND","IND6","C2L","VC",NaN
"263",37.581460,-122.389797,360,1302.56,"PC1-m-IND6-DF","6081605000","IND","IND6","PC1","MC",NaN
"264",37.581460,-122.389797,360,428.48,"RM1L-h-IND6-DF","6081605000","IND","IND6","RM1L","HC",NaN
"265",37.581460,-122.389797,360,428.48,"RM2L-m-IND6-DF","6081605000","IND","IND6","RM2L","MC",NaN
"266",37.581460,-122.389797,360,2685.11,"W1-m-IND6-DF","6081605000","IND","IND6","W1","MC",NaN
"267",37.581460,-122.389797,360,9064.00,"RM2L-m-REL1-DF","6081605000","REL","REL1","RM2L","MC",NaN
"268",37.581460,-122.389797,360,8973.36,"S1L-h-REL1-DF","6081605000","REL","REL1","S1L","HC",NaN
"269",37.581460,-122.389797,360,8973.36,"S2L-m-REL1-DF","6081605000","REL","REL1","S2L","MC",NaN
"270",37.581460,-122.389797,360,9245.28,"S3-m-REL1-DF","6081605000","REL","REL1","S3","MC",NaN
"271",37.581460,-122.389797,360,55711.24,"W1-h-RES1-DF","6081605000","RES","RES1","W1","HC",NaN
"272",37.581460,-122.389797,360,1281359.00,"W1-m-RES1-DF","6081605000","RES","RES1","W1","MC",NaN
"273",37.581460,-122.389797,360,41783.43,"W1-h-RES1-DF","6081605000","RES","RES1","W1","VC",NaN
"274",37.581460,-122.389797,360,13927.81,"W2-h-RES1-DF","6081605000","RES","RES1","W2","HC",NaN
"275",37.581460,-122.389797,360,1743.24,"C2L-m-RES3AF-DF","6081605000","RES","RES3A","C2L","MC",NaN
"276",37.581460,-122.389797,360,581.08,"C2L-p-RES3AF-DF","6081605000","RES","RES3A","C2L","PC",NaN
"277",37.581460,-122.389797,360,581.08,"C3L-p-RES3AF-DF","6081605000","RES","RES3A","C3L","PC",NaN
"278",37.581460,-122.389797,360,1743.24,"RM1L-m-RES3AF-DF","6081605000","RES","RES3A","RM1L","MC",NaN
"279",37.581460,-122.389797,360,1162.16,"S2L-m-RES3AF-DF","6081605000","RES","RES3A","S2L","MC",NaN
"280",37.581460,-122.389797,360,697.30,"W1-h-RES3AF-DF","6081605000","RES","RES3A","W1","HC",NaN
"281",37.581460,-122.389797,360,20686.45,"W1-m-RES3AF-DF","6081605000","RES","RES3A","W1","MC",NaN
"282",37.581460,-122.389797,360,1162.16,"W2-m-RES3AF-DF","6081605000","RES","RES3A","W2","MC",NaN
"283",37.581460,-122.389797,360,697.30,"W2-h-RES3AF-DF","6081605000","RES","RES3A","W2","VC",NaN
"284",37.581460,-122.389797,360,1023.21,"C2L-m-RES3AF-DF","6081605000","RES","RES3B","C2L","MC",NaN
"285",37.581460,-122.389797,360,568.45,"S3-m-RES3AF-DF","6081605000","RES","RES3B","S3","MC",NaN
"286",37.581460,-122.389797,360,9777.34,"W1-m-RES3AF-DF","6081605000","RES","RES3B","W1","MC",NaN
"287",37.581460,-122.389797,360,1646.70,"RM1L-m-RES3AF-DF","6081605000","RES","RES3C","RM1L","MC",NaN
"288",37.581460,-122.389797,360,9929.60,"W1-m-RES3AF-DF","6081605000","RES","RES3C","W1","MC",NaN
"289",37.581460,-122.389797,360,4890.70,"W2-m-RES3AF-DF","6081605000","RES","RES3C","W2","MC",NaN
"290",37.581460,-122.389797,360,4921.83,"C2L-m-RES3AF-DF","6081605000","RES","RES3D","C2L","MC",NaN
"291",37.581460,-122.389797,360,7109.31,"RM1L-m-RES3AF-DF","6081605000","RES","RES3D","RM1L","MC",NaN
"292",37.581460,-122.389797,360,9384.29,"W1-m-RES3AF-DF","6081605000","RES","RES3D","W1","MC",NaN
"293",37.581460,-122.389797,360,2559.35,"W1-h-RES3AF-DF","6081605000","RES","RES3D","W1","VC",NaN
"294",37.581460,-122.389797,360,28152.87,"W2-m-RES3AF-DF","6081605000","RES","RES3D","W2","MC",NaN
"295",37.581460,-122.389797,360,2559.35,"W2-h-RES3AF-DF","6081605000","RES","RES3D","W2","VC",NaN
"296",37.581460,-122.389797,360,10509.30,"C2L-m-RES3AF-DF","6081605000","RES","RES3E","C2L","MC",NaN
"297",37.581460,-122.389797,360,5202.10,"S1M-h-RES3AF-DF","6081605000","RES","RES3E","S1M","HC",NaN
"298",37.581460,-122.389797,360,5359.74,"S2L-m-RES3AF-DF","6081605000","RES","RES3E","S2L","MC",NaN
"299",37.581460,-122.389797,360,5202.10,"S4M-m-RES3AF-DF","6081605000","RES","RES3E","S4M","MC",NaN
"300",37.581460,-122.389797,360,32111.75,"W2-m-RES3AF-DF","6081605000","RES","RES3E","W2","MC",NaN
"301",37.581460,-122.389797,360,12192.18,"W2-h-RES3AF-DF","6081605000","RES","RES3F","W2","HC",NaN
"302",37.581460,-122.389797,360,12192.18,"W2-m-RES3AF-DF","6081605000","RES","RES3F","W2","MC",NaN
"303",37.581460,-122.389797,360,12561.64,"W2-h-RES3AF-DF","6081605000","RES","RES3F","W2","VC",NaN
"304",37.581460,-122.389797,360,192.00,"W1-h-RES4-DF","6081605000","RES","RES4","W1","VC",NaN
"305",37.581460,-122.389797,360,14259.30,"RM1M-m-RES6-DF","6081605000","RES","RES6","RM1M","MC",NaN
"306",37.581460,-122.389797,360,14661.15,"W1-m-RES6-DF","6081605000","RES","RES6","W1","MC",NaN
"307",37.581460,-122.389797,360,35894.55,"W2-m-RES6-DF","6081605000","RES","RES6","W2","MC",NaN
"308",34.263808,-119.205635,360,106.00,"RM2L-m-COM1-DF","6111001511","COM","COM1","RM2L","MC",NaN
"309",34.263808,-119.205635,360,73.00,"S1L-m-COM10-DF","6111001511","COM","COM10","S1L","MC",NaN
"310",34.263808,-119.205635,360,922.00,"PC1-m-COM2-DF","6111001511","COM","COM2","PC1","MC",NaN
"311",34.263808,-119.205635,360,347.73,"C2L-m-COM3-DF","6111001511","COM","COM3","C2L","MC",NaN
"312",34.263808,-119.205635,360,347.73,"PC1-m-COM3-DF","6111001511","COM","COM3","PC1","MC",NaN
"313",34.263808,-119.205635,360,342.54,"RM1L-m-COM3-DF","6111001511","COM","COM3","RM1L","MC",NaN
"314",34.263808,-119.205635,360,2200.50,"C2L-m-COM4-DF","6111001511","COM","COM4","C2L","MC",NaN
"315",34.263808,-119.205635,360,726.17,"RM1M-h-COM4-DF","6111001511","COM","COM4","RM1M","HC",NaN
"316",34.263808,-119.205635,360,1474.34,"RM2L-h-COM4-DF","6111001511","COM","COM4","RM2L","HC",NaN
"317",34.263808,-119.205635,360,733.50,"W1-h-COM4-DF","6111001511","COM","COM4","W1","HC",NaN
"318",34.263808,-119.205635,360,733.50,"W1-m-COM4-DF","6111001511","COM","COM4","W1","MC",NaN
"319",34.263808,-119.205635,360,733.50,"W2-h-COM4-DF","6111001511","COM","COM4","W2","HC",NaN
"320",34.263808,-119.205635,360,733.50,"W2-m-COM4-DF","6111001511","COM","COM4","W2","MC",NaN
"321",34.263808,-119.205635,360,5673.03,"RM2L-m-COM5-DF","6111001511","COM","COM5","RM2L","MC",NaN
"322",34.263808,-119.205635,360,11517.97,"W2-m-COM5-DF","6111001511","COM","COM5","W2","MC",NaN
"323",34.263808,-119.205635,360,3838.00,"PC1-h-COM7-DF","6111001511","COM","COM7","PC1","HC",NaN
"324",34.263808,-119.205635,360,1446.00,"C2M-m-COM8-DF","6111001511","COM","COM8","C2M","MC",NaN
"325",34.263808,-119.205635,360,13474.50,"C2L-h-EDU1-DF","6111001511","EDU","EDU1","C2L","HS",NaN
"326",34.263808,-119.205635,360,13474.50,"RM1L-m-EDU1-DF","6111001511","EDU","EDU1","RM1L","MS",NaN
"327",34.263808,-119.205635,360,972.00,"C2M-m-GOV1-DF","6111001511","GOV","GOV1","C2M","MC",NaN
"328",34.263808,-119.205635,360,419.00,"C2L-h-IND2-DF","6111001511","IND","IND2","C2L","HC",NaN
"329",34.263808,-119.205635,360,419.00,"RM1L-m-IND2-DF","6111001511","IND","IND2","RM1L","MC",NaN
"330",34.263808,-119.205635,360,1005.50,"C2L-m-IND5-DF","6111001511","IND","IND5","C2L","MC",NaN
"331",34.263808,-119.205635,360,1005.50,"PC1-m-IND5-DF","6111001511","IND","IND5","PC1","MC",NaN
"332",34.263808,-119.205635,360,1005.50,"S3-m-IND5-DF","6111001511","IND","IND5","S3","MC",NaN
"333",34.263808,-119.205635,360,1005.50,"W1-h-IND5-DF","6111001511","IND","IND5","W1","HC",NaN
"334",34.263808,-119.205635,360,150.00,"S3-m-IND6-DF","6111001511","IND","IND6","S3","MC",NaN
"335",34.263808,-119.205635,360,2819.03,"C2L-h-REL1-DF","6111001511","REL","REL1","C2L","HC",NaN
"336",34.263808,-119.205635,360,2819.03,"C2L-m-REL1-DF","6111001511","REL","REL1","C2L","MC",NaN
"337",34.263808,-119.205635,360,2776.95,"W2-m-REL1-DF","6111001511","REL","REL1","W2","MC",NaN
"338",34.263808,-119.205635,360,25550.20,"W1-h-RES1-DF","6111001511","RES","RES1","W1","HC",NaN
"339",34.263808,-119.205635,360,56869.80,"W1-m-RES1-DF","6111001511","RES","RES1","W1","MC",NaN
"340",34.263808,-119.205635,360,840.20,"C2L-m-RES3AF-DF","6111001511","RES","RES3B","C2L","MC",NaN
"341",34.263808,-119.205635,360,840.20,"RM1L-m-RES3AF-DF","6111001511","RES","RES3B","RM1L","MC",NaN
"342",34.263808,-119.205635,360,420.10,"S2L-m-RES3AF-DF","6111001511","RES","RES3B","S2L","MC",NaN
"343",34.263808,-119.205635,360,2079.50,"W1-h-RES3AF-DF","6111001511","RES","RES3B","W1","HC",NaN
"344",34.263808,-119.205635,360,16446.92,"W1-m-RES3AF-DF","6111001511","RES","RES3B","W1","MC",NaN
"345",34.263808,-119.205635,360,378.09,"W2-h-RES3AF-DF","6111001511","RES","RES3B","W2","HC",NaN
"346",34.263808,-119.205635,360,3552.64,"C2L-m-RES3AF-DF","6111001511","RES","RES3C","C2L","MC",NaN
"347",34.263808,-119.205635,360,4567.68,"RM1L-m-RES3AF-DF","6111001511","RES","RES3C","RM1L","MC",NaN
"348",34.263808,-119.205635,360,2283.84,"S1L-m-RES3AF-DF","6111001511","RES","RES3C","S1L","MC",NaN
"349",34.263808,-119.205635,360,1141.92,"S2L-m-RES3AF-DF","6111001511","RES","RES3C","S2L","MC",NaN
"350",34.263808,-119.205635,360,1141.92,"S4L-m-RES3AF-DF","6111001511","RES","RES3C","S4L","MC",NaN
"351",34.263808,-119.205635,360,30451.20,"W1-m-RES3AF-DF","6111001511","RES","RES3C","W1","MC",NaN
"352",34.263808,-119.205635,360,7612.80,"W2-m-RES3AF-DF","6111001511","RES","RES3C","W2","MC",NaN
"353",36.921837,-121.777408,360,436.00,"S1L-m-AGR1-DF","6087110506","AGR","AGR1","S1L","MC",NaN
"354",36.921837,-121.777408,360,5560.44,"PC1-h-COM1-DF","6087110506","COM","COM1","PC1","HC",NaN
"355",36.921837,-121.777408,360,2738.73,"PC1-m-COM1-DF","6087110506","COM","COM1","PC1","MC",NaN
"356",36.921837,-121.777408,360,5532.78,"RM1L-h-COM1-DF","6087110506","COM","COM1","RM1L","HC",NaN
"357",36.921837,-121.777408,360,5532.78,"RM2L-h-COM1-DF","6087110506","COM","COM1","RM2L","HC",NaN
"358",36.921837,-121.777408,360,2892.14,"S3-h-COM1-DF","6087110506","COM","COM1","S3","HC",NaN
"359",36.921837,-121.777408,360,2892.14,"S4L-m-COM1-DF","6087110506","COM","COM1","S4L","MC",NaN
"360",36.921837,-121.777408,360,157.79,"C1L-h-COM2-DF","6087110506","COM","COM2","C1L","HC",NaN
"361",36.921837,-121.777408,360,157.79,"PC1-m-COM2-DF","6087110506","COM","COM2","PC1","MC",NaN
"362",36.921837,-121.777408,360,155.43,"W1-h-COM2-DF","6087110506","COM","COM2","W1","HC",NaN
"363",36.921837,-121.777408,360,481.61,"PC1-h-COM3-DF","6087110506","COM","COM3","PC1","HC",NaN
"364",36.921837,-121.777408,360,481.61,"RM1L-h-COM3-DF","6087110506","COM","COM3","RM1L","HC",NaN
"365",36.921837,-121.777408,360,467.45,"RM1L-h-COM3-DF","6087110506","COM","COM3","RM1L","VC",NaN
"366",36.921837,-121.777408,360,467.45,"RM2L-h-COM3-DF","6087110506","COM","COM3","RM2L","HC",NaN
"367",36.921837,-121.777408,360,481.61,"S2L-h-COM3-DF","6087110506","COM","COM3","S2L","HC",NaN
"368",36.921837,-121.777408,360,453.28,"W1-h-COM3-DF","6087110506","COM","COM3","W1","HC",NaN
"369",36.921837,-121.777408,360,719.64,"PC1-h-COM4-DF","6087110506","COM","COM4","PC1","HC",NaN
"370",36.921837,-121.777408,360,719.64,"PC2L-h-COM4-DF","6087110506","COM","COM4","PC2L","HC",NaN
"371",36.921837,-121.777408,360,719.64,"RM1L-h-COM4-DF","6087110506","COM","COM4","RM1L","HC",NaN
"372",36.921837,-121.777408,360,719.64,"RM2L-h-COM4-DF","6087110506","COM","COM4","RM2L","HC",NaN
"373",36.921837,-121.777408,360,3633.38,"W1-h-COM4-DF","6087110506","COM","COM4","W1","HC",NaN
"374",36.921837,-121.777408,360,1484.06,"W2-h-COM4-DF","6087110506","COM","COM4","W2","HC",NaN
"375",36.921837,-121.777408,360,944.79,"C2L-h-COM5-DF","6087110506","COM","COM5","C2L","HC",NaN
"376",36.921837,-121.777408,360,944.79,"S3-h-COM5-DF","6087110506","COM","COM5","S3","HC",NaN
"377",36.921837,-121.777408,360,973.42,"W1-h-COM5-DF","6087110506","COM","COM5","W1","HC",NaN
"378",36.921837,-121.777408,360,1900.00,"W1-h-COM7-DF","6087110506","COM","COM7","W1","HC",NaN
"379",36.921837,-121.777408,360,1266.38,"RM1L-h-COM8-DF","6087110506","COM","COM8","RM1L","HC",NaN
"380",36.921837,-121.777408,360,1266.38,"RM2L-h-COM8-DF","6087110506","COM","COM8","RM2L","HC",NaN
"381",36.921837,-121.777408,360,1266.38,"S1L-h-COM8-DF","6087110506","COM","COM8","S1L","HC",NaN
"382",36.921837,-121.777408,360,1266.38,"S2L-h-COM8-DF","6087110506","COM","COM8","S2L","HC",NaN
"383",36.921837,-121.777408,360,2609.50,"W1-h-COM8-DF","6087110506","COM","COM8","W1","HC",NaN
"384",36.921837,-121.777408,360,3884.00,"S4L-m-GOV2-DF","6087110506","GOV","GOV2","S4L","MS",NaN
"385",36.921837,-121.777408,360,9804.00,"S3-h-IND1-DF","6087110506","IND","IND1","S3","HC",NaN
"386",36.921837,-121.777408,360,861.79,"PC1-h-IND6-DF","6087110506","IND","IND6","PC1","HC",NaN
"387",36.921837,-121.777408,360,424.46,"PC1-h-IND6-DF","6087110506","IND","IND6","PC1","VC",NaN
"388",36.921837,-121.777408,360,428.75,"RM1L-h-IND6-DF","6087110506","IND","IND6","RM1L","HC",NaN
"389",36.921837,-121.777408,360,1913.50,"RM1L-h-REL1-DF","6087110506","REL","REL1","RM1L","HC",NaN
"390",36.921837,-121.777408,360,1913.50,"RM1L-m-REL1-DF","6087110506","REL","REL1","RM1L","MC",NaN
"391",36.921837,-121.777408,360,130681.30,"W1-h-RES1-DF","6087110506","RES","RES1","W1","HC",NaN
"392",36.921837,-121.777408,360,14001.57,"W1-m-RES1-DF","6087110506","RES","RES1","W1","MC",NaN
"393",36.921837,-121.777408,360,10890.11,"W1-h-RES1-DF","6087110506","RES","RES1","W1","VC",NaN
"394",36.921837,-121.777408,360,2168.00,"MH-h-RES2-DF","6087110506","RES","RES2","MH","HC",NaN
"395",36.921837,-121.777408,360,4558.24,"C2L-h-RES3AF-DF","6087110506","RES","RES3A","C2L","HC",NaN
"396",36.921837,-121.777408,360,563.38,"PC2L-h-RES3AF-DF","6087110506","RES","RES3A","PC2L","HC",NaN
"397",36.921837,-121.777408,360,6584.94,"RM1L-h-RES3AF-DF","6087110506","RES","RES3A","RM1L","HC",NaN
"398",36.921837,-121.777408,360,731.66,"S3-h-RES3AF-DF","6087110506","RES","RES3A","S3","HC",NaN
"399",36.921837,-121.777408,360,731.66,"S4L-h-RES3AF-DF","6087110506","RES","RES3A","S4L","HC",NaN
"400",36.921837,-121.777408,360,59996.12,"W1-h-RES3AF-DF","6087110506","RES","RES3A","W1","HC",NaN
"401",36.921837,-121.777408,360,106.68,"C2L-h-RES3AF-DF","6087110506","RES","RES3B","C2L","HC",NaN
"402",36.921837,-121.777408,360,213.36,"RM1L-h-RES3AF-DF","6087110506","RES","RES3B","RM1L","HC",NaN
"403",36.921837,-121.777408,360,3106.52,"W1-h-RES3AF-DF","6087110506","RES","RES3B","W1","HC",NaN
"404",36.921837,-121.777408,360,129.44,"W1-m-RES3AF-DF","6087110506","RES","RES3B","W1","MC",NaN
"405",36.921837,-121.777408,360,3309.00,"W1-h-RES3AF-DF","6087110506","RES","RES3C","W1","HC",NaN
"406",36.921837,-121.777408,360,1529.50,"C2L-h-RES3AF-DF","6087110506","RES","RES3D","C2L","HC",NaN
"407",36.921837,-121.777408,360,1529.50,"W2-h-RES3AF-DF","6087110506","RES","RES3D","W2","HC",NaN
"408",36.921837,-121.777408,360,7066.00,"W2-h-RES3AF-DF","6087110506","RES","RES3E","W2","HC",NaN
"409",36.921837,-121.777408,360,285.00,"W1-h-RES4-DF","6087110506","RES","RES4","W1","HC",NaN
"410",34.014529,-118.298028,360,755.04,"S3-h-COM1-DF","6037231210","COM","COM1","S3","HC",NaN
"411",34.014529,-118.298028,360,766.48,"W1-m-COM1-DF","6037231210","COM","COM1","W1","MC",NaN
"412",34.014529,-118.298028,360,766.48,"W2-h-COM1-DF","6037231210","COM","COM1","W2","HC",NaN
"413",34.014529,-118.298028,360,87.00,"S5L-p-COM2-DF","6037231210","COM","COM2","S5L","PC",NaN
"414",34.014529,-118.298028,360,193.00,"URMM-p-COM3-DF","6037231210","COM","COM3","URMM","PC",NaN
"415",34.014529,-118.298028,360,4639.00,"W2-p-COM7-DF","6037231210","COM","COM7","W2","PC",NaN
"416",34.014529,-118.298028,360,1046.10,"S5L-p-IND6-DF","6037231210","IND","IND6","S5L","PC",NaN
"417",34.014529,-118.298028,360,1061.95,"W1-m-IND6-DF","6037231210","IND","IND6","W1","MC",NaN
"418",34.014529,-118.298028,360,1061.95,"W2-p-IND6-DF","6037231210","IND","IND6","W2","PC",NaN
"419",34.014529,-118.298028,360,277.01,"URML-p-RES1-DF","6037231210","RES","RES1","URML","PC",NaN
"420",34.014529,-118.298028,360,1371.20,"W1-h-RES1-DF","6037231210","RES","RES1","W1","HC",NaN
"421",34.014529,-118.298028,360,26052.79,"W1-m-RES1-DF","6037231210","RES","RES1","W1","MC",NaN
"422",34.014529,-118.298028,360,505.83,"C2L-p-RES3AF-DF","6037231210","RES","RES3A","C2L","PC",NaN
"423",34.014529,-118.298028,360,1026.99,"C3L-p-RES3AF-DF","6037231210","RES","RES3A","C3L","PC",NaN
"424",34.014529,-118.298028,360,204.38,"RM1L-m-RES3AF-DF","6037231210","RES","RES3A","RM1L","MC",NaN
"425",34.014529,-118.298028,360,173.72,"S2L-p-RES3AF-DF","6037231210","RES","RES3A","S2L","PC",NaN
"426",34.014529,-118.298028,360,168.61,"S3-m-RES3AF-DF","6037231210","RES","RES3A","S3","MC",NaN
"427",34.014529,-118.298028,360,168.61,"S5L-p-RES3AF-DF","6037231210","RES","RES3A","S5L","PC",NaN
"428",34.014529,-118.298028,360,817.50,"URML-p-RES3AF-DF","6037231210","RES","RES3A","URML","PC",NaN
"429",34.014529,-118.298028,360,480.28,"W1-h-RES3AF-DF","6037231210","RES","RES3A","W1","HC",NaN
"430",34.014529,-118.298028,360,47548.07,"W1-m-RES3AF-DF","6037231210","RES","RES3A","W1","MC",NaN
"431",34.014529,-118.298028,360,332.78,"S2M-m-RES3AF-DF","6037231210","RES","RES3B","S2M","MC",NaN
"432",34.014529,-118.298028,360,2635.62,"W1-h-RES3AF-DF","6037231210","RES","RES3B","W1","HC",NaN
"433",34.014529,-118.298028,360,30309.60,"W1-m-RES3AF-DF","6037231210","RES","RES3B","W1","MC",NaN
"434",34.014529,-118.298028,360,1130.58,"C2M-m-RES3AF-DF","6037231210","RES","RES3C","C2M","MC",NaN
"435",34.014529,-118.298028,360,1130.58,"PC2M-h-RES3AF-DF","6037231210","RES","RES3C","PC2M","SC",NaN
"436",34.014529,-118.298028,360,904.46,"RM1M-h-RES3AF-DF","6037231210","RES","RES3C","RM1M","SC",NaN
"437",34.014529,-118.298028,360,1076.31,"S1M-p-RES3AF-DF","6037231210","RES","RES3C","S1M","PC",NaN
"438",34.014529,-118.298028,360,1044.65,"S3-h-RES3AF-DF","6037231210","RES","RES3C","S3","HC",NaN
"439",34.014529,-118.298028,360,1044.65,"S4M-h-RES3AF-DF","6037231210","RES","RES3C","S4M","SC",NaN
"440",34.014529,-118.298028,360,4278.10,"W1-h-RES3AF-DF","6037231210","RES","RES3C","W1","HC",NaN
"441",34.014529,-118.298028,360,31113.43,"W1-m-RES3AF-DF","6037231210","RES","RES3C","W1","MC",NaN
"442",34.014529,-118.298028,360,3500.26,"W2-m-RES3AF-DF","6037231210","RES","RES3C","W2","MC",NaN
"443",34.014529,-118.298028,360,2951.62,"C2M-m-RES3AF-DF","6037231210","RES","RES3D","C2M","MC",NaN
"444",34.014529,-118.298028,360,2740.79,"RM1M-m-RES3AF-DF","6037231210","RES","RES3D","RM1M","MC",NaN
"445",34.014529,-118.298028,360,2740.79,"RM2M-m-RES3AF-DF","6037231210","RES","RES3D","RM2M","MC",NaN
"446",34.014529,-118.298028,360,2951.62,"S2M-m-RES3AF-DF","6037231210","RES","RES3D","S2M","MC",NaN
"447",34.014529,-118.298028,360,2770.31,"W1-m-RES3AF-DF","6037231210","RES","RES3D","W1","MC",NaN
"448",34.014529,-118.298028,360,16929.65,"W2-m-RES3AF-DF","6037231210","RES","RES3D","W2","MC",NaN
"449",34.014529,-118.298028,360,11081.22,"W2-p-RES3AF-DF","6037231210","RES","RES3D","W2","PC",NaN
"450",34.014529,-118.298028,360,4325.00,"C3M-p-RES3AF-DF","6037231210","RES","RES3E","C3M","PC",NaN
"451",34.014529,-118.298028,360,4325.00,"S2M-p-RES3AF-DF","6037231210","RES","RES3E","S2M","PC",NaN
"452",34.014529,-118.298028,360,8693.25,"W2-m-RES3AF-DF","6037231210","RES","RES3E","W2","MC",NaN
"453",34.014529,-118.298028,360,4281.75,"W2-p-RES3AF-DF","6037231210","RES","RES3E","W2","PC",NaN
"454",34.014529,-118.298028,360,759.00,"W1-m-RES4-DF","6037231210","RES","RES4","W1","MC",NaN
"455",35.302498,-119.025042,360,110.00,"RM1L-h-AGR1-DF","6029003137","AGR","AGR1","RM1L","HC",NaN
"456",35.302498,-119.025042,360,5724.87,"C2L-h-COM1-DF","6029003137","COM","COM1","C2L","HC",NaN
"457",35.302498,-119.025042,360,5898.35,"PC1-h-COM1-DF","6029003137","COM","COM1","PC1","HC",NaN
"458",35.302498,-119.025042,360,5724.87,"PC1-m-COM1-DF","6029003137","COM","COM1","PC1","MC",NaN
"459",35.302498,-119.025042,360,5782.70,"RM1L-h-COM1-DF","6029003137","COM","COM1","RM1L","HC",NaN
"460",35.302498,-119.025042,360,5782.70,"RM2L-m-COM1-DF","6029003137","COM","COM1","RM2L","MC",NaN
"461",35.302498,-119.025042,360,11565.40,"S3-m-COM1-DF","6029003137","COM","COM1","S3","MC",NaN
"462",35.302498,-119.025042,360,6045.55,"W1-m-COM1-DF","6029003137","COM","COM1","W1","MC",NaN
"463",35.302498,-119.025042,360,6045.55,"W2-h-COM1-DF","6029003137","COM","COM1","W2","HC",NaN
"464",35.302498,-119.025042,360,2710.49,"PC1-h-COM2-DF","6029003137","COM","COM2","PC1","HC",NaN
"465",35.302498,-119.025042,360,1335.02,"PC1-m-COM2-DF","6029003137","COM","COM2","PC1","MC",NaN
"466",35.302498,-119.025042,360,1348.50,"S1L-m-COM2-DF","6029003137","COM","COM2","S1L","MC",NaN
"467",35.302498,-119.025042,360,226.50,"PC2L-h-COM3-DF","6029003137","COM","COM3","PC2L","HC",NaN
"468",35.302498,-119.025042,360,226.50,"RM1L-m-COM3-DF","6029003137","COM","COM3","RM1L","MC",NaN
"469",35.302498,-119.025042,360,365.55,"C2L-h-COM4-DF","6029003137","COM","COM4","C2L","HC",NaN
"470",35.302498,-119.025042,360,365.55,"PC1-h-COM4-DF","6029003137","COM","COM4","PC1","HC",NaN
"471",35.302498,-119.025042,360,365.55,"RM1L-h-COM4-DF","6029003137","COM","COM4","RM1L","HC",NaN
"472",35.302498,-119.025042,360,365.55,"RM2L-h-COM4-DF","6029003137","COM","COM4","RM2L","HC",NaN
"473",35.302498,-119.025042,360,709.41,"W1-h-COM4-DF","6029003137","COM","COM4","W1","HC",NaN
"474",35.302498,-119.025042,360,349.41,"W1-m-COM4-DF","6029003137","COM","COM4","W1","MC",NaN
"475",35.302498,-119.025042,360,1016.00,"W1-m-COM7-DF","6029003137","COM","COM7","W1","MC",NaN
"476",35.302498,-119.025042,360,1339.22,"RM1L-h-COM8-DF","6029003137","COM","COM8","RM1L","HC",NaN
"477",35.302498,-119.025042,360,2678.43,"RM2L-h-COM8-DF","6029003137","COM","COM8","RM2L","HC",NaN
"478",35.302498,-119.025042,360,1339.22,"RM2L-m-COM8-DF","6029003137","COM","COM8","RM2L","MC",NaN
"479",35.302498,-119.025042,360,1362.71,"S2L-h-COM8-DF","6029003137","COM","COM8","S2L","HC",NaN
"480",35.302498,-119.025042,360,1362.71,"S4L-h-COM8-DF","6029003137","COM","COM8","S4L","HC",NaN
"481",35.302498,-119.025042,360,1315.72,"W2-h-COM8-DF","6029003137","COM","COM8","W2","HC",NaN
"482",35.302498,-119.025042,360,11785.00,"C2L-h-EDU1-DF","6029003137","EDU","EDU1","C2L","HS",NaN
"483",35.302498,-119.025042,360,165.00,"S2L-h-IND2-DF","6029003137","IND","IND2","S2L","HC",NaN
"484",35.302498,-119.025042,360,919.40,"C2L-h-REL1-DF","6029003137","REL","REL1","C2L","HC",NaN
"485",35.302498,-119.025042,360,1838.80,"C2L-m-REL1-DF","6029003137","REL","REL1","C2L","MC",NaN
"486",35.302498,-119.025042,360,919.40,"PC2L-h-REL1-DF","6029003137","REL","REL1","PC2L","HC",NaN
"487",35.302498,-119.025042,360,919.40,"RM2L-h-REL1-DF","6029003137","REL","REL1","RM2L","HC",NaN
"488",35.302498,-119.025042,360,137223.70,"W1-h-RES1-DF","6029003137","RES","RES1","W1","HC",NaN
"489",35.302498,-119.025042,360,32188.28,"W1-m-RES1-DF","6029003137","RES","RES1","W1","MC",NaN
"490",35.302498,-119.025042,360,103.00,"MH-h-RES2-DF","6029003137","RES","RES2","MH","HC",NaN
"491",35.302498,-119.025042,360,244.86,"C2L-h-RES3AF-DF","6029003137","RES","RES3A","C2L","HC",NaN
"492",35.302498,-119.025042,360,530.53,"RM1L-h-RES3AF-DF","6029003137","RES","RES3A","RM1L","HC",NaN
"493",35.302498,-119.025042,360,244.86,"S3-h-RES3AF-DF","6029003137","RES","RES3A","S3","HC",NaN
"494",35.302498,-119.025042,360,3060.75,"W1-h-RES3AF-DF","6029003137","RES","RES3A","W1","HC",NaN
"495",35.302498,-119.025042,360,2071.62,"C2L-h-RES3AF-DF","6029003137","RES","RES3B","C2L","HC",NaN
"496",35.302498,-119.025042,360,309.55,"PC2L-h-RES3AF-DF","6029003137","RES","RES3B","PC2L","HC",NaN
"497",35.302498,-119.025042,360,1948.23,"RM1L-h-RES3AF-DF","6029003137","RES","RES3B","RM1L","HC",NaN
"498",35.302498,-119.025042,360,285.74,"S3-h-RES3AF-DF","6029003137","RES","RES3B","S3","HC",NaN
"499",35.302498,-119.025042,360,580.14,"S4L-h-RES3AF-DF","6029003137","RES","RES3B","S4L","HC",NaN
"500",35.302498,-119.025042,360,16451.72,"W1-h-RES3AF-DF","6029003137","RES","RES3B","W1","HC",NaN
