GroupField,GroupValue,NumAssets,TotalValue,TotalExpectedLoss,AvgExpectedLoss,MinExpectedLoss,MaxExpectedLoss,StdDevExpectedLoss
"censusTract","6081605000",134,2402670.48,NaN,NaN,NaN,NaN,NaN
"censusTract","6037231210",45,232222.99,NaN,NaN,NaN,NaN,NaN
"censusTract","6115041001",107,905440.99,NaN,NaN,NaN,NaN,NaN
"censusTract","6087110506",57,316734.98,NaN,NaN,NaN,NaN,NaN
"censusTract","6029003137",46,283251.98,NaN,NaN,NaN,NaN,NaN
"censusTract","6111001511",45,227472.01,NaN,NaN,NaN,NaN,NaN
"censusTract","6095252311",41,1005925.06,NaN,NaN,NaN,NaN,NaN
"censusTract","6065042748",26,1109418.00,NaN,NaN,NaN,NaN,NaN
"occType","COM",224,912334.99,NaN,NaN,NaN,NaN,NaN
"occType","RES",156,4932943.50,NaN,NaN,NaN,NaN,NaN
"occType","EDU",12,169812.00,NaN,NaN,NaN,NaN,NaN
"occType","REL",17,58142.00,NaN,NaN,NaN,NaN,NaN
"occType","AGR",15,14848.00,NaN,NaN,NaN,NaN,NaN
"occType","IND",70,383936.99,NaN,NaN,NaN,NaN,NaN
"occType","GOV",7,11119.00,NaN,NaN,NaN,NaN,NaN
"occupancy","RES3A",38,202282.99,NaN,NaN,NaN,NaN,NaN
"occupancy","RES3B",26,95136.00,NaN,NaN,NaN,NaN,NaN
"occupancy","RES6",6,85400.00,NaN,NaN,NaN,NaN,NaN
"occupancy","RES4",3,1236.00,NaN,NaN,NaN,NaN,NaN
"occupancy","RES3C",21,117035.01,NaN,NaN,NaN,NaN,NaN
"occupancy","RES2",6,47982.00,NaN,NaN,NaN,NaN,NaN
"occupancy","COM10",3,277.00,NaN,NaN,NaN,NaN,NaN
"occupancy","RES3D",19,160302.00,NaN,NaN,NaN,NaN,NaN
"occupancy","RES3E",13,127528.00,NaN,NaN,NaN,NaN,NaN
"occupancy","RES3F",3,36946.00,NaN,NaN,NaN,NaN,NaN
"occupancy","RES1",21,4059095.50,NaN,NaN,NaN,NaN,NaN
"occupancy","AGR1",15,14848.00,NaN,NaN,NaN,NaN,NaN
"occupancy","GOV1",5,1833.00,NaN,NaN,NaN,NaN,NaN
"occupancy","GOV2",2,9286.00,NaN,NaN,NaN,NaN,NaN
"occupancy","COM8",25,38684.00,NaN,NaN,NaN,NaN,NaN
"occupancy","COM7",19,90981.00,NaN,NaN,NaN,NaN,NaN
"occupancy","COM6",5,390474.99,NaN,NaN,NaN,NaN,NaN
"occupancy","COM5",12,35312.00,NaN,NaN,NaN,NaN,NaN
"occupancy","COM4",56,134938.00,NaN,NaN,NaN,NaN,NaN
"occupancy","COM3",31,59484.00,NaN,NaN,NaN,NaN,NaN
"occupancy","COM2",30,37288.00,NaN,NaN,NaN,NaN,NaN
"occupancy","COM1",43,124896.00,NaN,NaN,NaN,NaN,NaN
"occupancy","IND1",4,14855.00,NaN,NaN,NaN,NaN,NaN
"occupancy","IND2",14,28333.00,NaN,NaN,NaN,NaN,NaN
"occupancy","IND5",11,22865.00,NaN,NaN,NaN,NaN,NaN
"occupancy","IND6",26,30892.00,NaN,NaN,NaN,NaN,NaN
"occupancy","IND3",14,286491.99,NaN,NaN,NaN,NaN,NaN
"occupancy","IND4",1,500.00,NaN,NaN,NaN,NaN,NaN
"occupancy","EDU1",12,169812.00,NaN,NaN,NaN,NaN,NaN
"occupancy","REL1",17,58142.00,NaN,NaN,NaN,NaN,NaN
"strType","S3",31,83910.91,NaN,NaN,NaN,NaN,NaN
"strType","S5L",4,2615.69,NaN,NaN,NaN,NaN,NaN
"strType","S1M",6,11501.19,NaN,NaN,NaN,NaN,NaN
"strType","S1L",17,57528.46,NaN,NaN,NaN,NaN,NaN
"strType","RM1L",52,322033.28,NaN,NaN,NaN,NaN,NaN
"strType","RM1M",6,23419.00,NaN,NaN,NaN,NaN,NaN
"strType","URMM",1,193.00,NaN,NaN,NaN,NaN,NaN
"strType","URML",6,7933.61,NaN,NaN,NaN,NaN,NaN
"strType","MH",6,47982.00,NaN,NaN,NaN,NaN,NaN
"strType","C2L",57,254738.83,NaN,NaN,NaN,NaN,NaN
"strType","C2M",10,84010.35,NaN,NaN,NaN,NaN,NaN
"strType","PC1",36,158573.11,NaN,NaN,NaN,NaN,NaN
"strType","PC2L",15,43251.02,NaN,NaN,NaN,NaN,NaN
"strType","S4L",20,43002.24,NaN,NaN,NaN,NaN,NaN
"strType","PC2M",1,1130.58,NaN,NaN,NaN,NaN,NaN
"strType","S2L",20,75583.02,NaN,NaN,NaN,NaN,NaN
"strType","S4M",4,11959.82,NaN,NaN,NaN,NaN,NaN
"strType","S2M",4,9642.00,NaN,NaN,NaN,NaN,NaN
"strType","RM2M",4,17946.09,NaN,NaN,NaN,NaN,NaN
"strType","RM2L",33,140645.55,NaN,NaN,NaN,NaN,NaN
"strType","W1",104,4559120.82,NaN,NaN,NaN,NaN,NaN
"strType","W2",54,507197.04,NaN,NaN,NaN,NaN,NaN
"strType","C3M",1,4325.00,NaN,NaN,NaN,NaN,NaN
"strType","C3L",2,1608.07,NaN,NaN,NaN,NaN,NaN
"strType","C1M",2,5788.50,NaN,NaN,NaN,NaN,NaN
"strType","C1L",5,7497.31,NaN,NaN,NaN,NaN,NaN
"designLevel","SC",3,3079.69,NaN,NaN,NaN,NaN,NaN
"designLevel","PC",29,53202.05,NaN,NaN,NaN,NaN,NaN
"designLevel","MS",16,508102.49,NaN,NaN,NaN,NaN,NaN
"designLevel","MC",262,3087829.96,NaN,NaN,NaN,NaN,NaN
"designLevel","LC",6,46197.56,NaN,NaN,NaN,NaN,NaN
"designLevel","HS",3,61470.50,NaN,NaN,NaN,NaN,NaN
"designLevel","HC",168,2647344.84,NaN,NaN,NaN,NaN,NaN
"designLevel","VC",14,75909.41,NaN,NaN,NaN,NaN,NaN
